Movie_ID,Title,Year,Genre
34759,Aaghaaz ,2000,Thriller
34760,Aaj Ka Ravan,2000,Drama
34761,Anjaane,2000,Romance
34762,Anokha Moti,2000,Family
34763,Apradhi Kaun,2000,Thriller
34764,Astitva,2000,"Drama, Social"
34765,Baaghi,2000,Action
34766,Badal,2000,"Action, Drama"
34767,Bas Yaari Rakho,2000,"Comedy, Drama"
34768,Bawandar,2000,Drama
34769,Beti No.1,2000,Comedy
34770,Bhai Thakur,2000,Action
34771,Bichhoo,2000,Action
34772,Billa No. 786,2000,Action
34773,Bulandi,2000,Drama
34774,Chal Mere Bhai,2000,Comedy
34775,Champion,2000,"Action, Drama"
34776,Dahshat,2000,Horror
34777,Deewane,2000,"Action, Romance"
34778,Dhai Akshar Prem Ke,2000,"Romance, Drama"
34779,Dhadkan,2000,"Romance, Drama"
34780,Dil Ki Dhadkan,2000,"Romance, Drama"
34781,Dil Pe Mat Le Yaar,2000,Drama
34782,Dr. Babasaheb Ambedkar,2000,
34783,Dr Mukta,2000,
34784,Dulhan Hum Le Jayenge,2000,"Comedy, Romance"
34785,Fiza,2000,"Drama, Family, Thriller"
34786,Gaja Gamini,2000,Drama
34787,Gang,2000,Crime
34788,Ghaath,2000,Drama
34789,Hadh Kar Di Aapne,2000,"Comedy, Romance"
34790,Hamara Dil Aapke Paas Hai,2000,Drama
34791,Har Dil Jo Pyar Karega,2000,"Comedy, Drama, Romance"
34792,Hari-Bhari,2000,
34793,Hera Pheri,2000,Comedy
34794,Hey Ram,2000,Drama
34795,Hum To Mohabbat Karega,2000,"Action, Romance"
34796,Jallad No. 1,2000,Drama
34797,Jis Desh Mein Ganga Rehta Hain,2000,Drama
34798,Joru Ka Ghulam,2000,Drama
34799,Josh,2000,"Action, Romance"
34800,Jung,2000,Drama
34801,Jungle,2000,Romance
34802,Kabrastan,2000,Horror
34803,Kahin Pyaar Na Ho Jaaye,2000,"Comedy, romance"
34804,Kaho Naa... Pyaar Hai,2000,"Romance, Drama, Musical"
34805,Kairee,2000,Drama
34806,Karobaar: The Business of Love,2000,Drama
34807,Kharidaar,2000,
34808,Khauff,2000,Drama
34809,Khiladi 420,2000,"Action, romance"
34810,Krodh,2000,Action
34811,Kunwara,2000,Comedy
34812,Kurukshetra,2000,"Action, romance"
34813,Kya Kehna,2000,"Romance, drama"
34814,Le Chal Apne Sang,2000,Romance
34815,Lekroo,2000,
34816,Mela,2000,Drama
34817,Meri Jung Ka Elaan,2000,Drama
34818,Mission Kashmir,2000,"Drama, War, Thriller"
34819,Mohabbatein,2000,"Drama, Romance, Musical, Family"
34820,Nidaan,2000,Drama
34821,Papa the Great,2000,Family
34822,Phir Bhi Dil Hai Hindustani,2000,"Comedy, Drama, Romance, Musical"
34823,The Prince of Light,2000,
34824,Pukar,2000,Drama
34825,Raja Ko Rani Se Pyar Ho Gaya,2000,"Comedy, Musical"
34826,Raju Chacha,2000,Comedy
34827,Refugee,2000,"Drama, Romance"
34828,The Revenge: Geeta Mera Naam,2000,
34829,Saanjh,2000,
34830,Second Generation,2000,
34831,Shikaar,2000,
34832,Shikari,2000,"Thriller, Action, Romance"
34833,Snip!,2000,
34834,Sultaan,2000,
34835,Tapish,2000,
34836,Tarkieb,2000,"Suspense, Thriller"
34837,Tera Jadoo Chal Gayaa,2000,Romance
34838,Tere Liye,2000,
34839,Tune Mera Dil Le Liyaa,2000,
34840,Zindagi Zindabad,2000,
34841,Abhay,2001,"Thriller
"
34842,Aamdani Atthanni Kharcha Rupaiya,2001,"Family Drama
"
34843,Aashiq,2001,"Action Comedy
"
34844,Ajnabee,2001,"Thriller, Suspense, Crime
"
34845,Aks,2001,"Thriller, Horror
"
34846,Albela,2001,"Romance
"
34847,Asoka,2001,"History
"
34848,Bas Itna Sa Khwaab Hai,2001,"Drama, Romance, Social
"
34849,Bengal Tiger,2001,"Action
"
34850,Bhairav,2001,"
"
34851,Censor,2001,"
"
34852,Chandni Bar,2001,"Drama
"
34853,Chhupa Rustam: A Musical Thriller,2001,"Thriller
"
34854,Chori Chori Chupke Chupke,2001,"Drama, Romance, Musical, Social
"
34855,Daman,2001,"Drama
"
34856,Dattak,2001,"
"
34857,Deewaanapan,2001,"Drama, Romance
"
34858,Dil Chahta Hai,2001,"Drama, Comedy, Romance, Musical
"
34859,Dil Ne Phir Yaad Kiya,2001,"Romance
"
34860,Divya Drishti,2001,"
"
34861,Ehsaas: The Feeling,2001,"Drama
"
34862,Ek Rishtaa: The Bond of Love,2001,"Family Drama
"
34863,Farz,2001,"Action, Romance
"
34864,Gadar: Ek Prem Katha,2001,"Drama, War, Romance, Action
"
34865,Grahan,2001,"Romance
"
34866,Hadh: Life on the Edge of Death,2001,"
"
34867,Hum Ho Gaye Aapke,2001,"Romance
"
34868,Indian,2001,"Action
"
34869,Ittefaq,2001,"Action, Drama, Thriller
"
34870,Jodi No.1,2001,"Comedy
"
34871,Kabhi Khushi Kabhie Gham...,2001,"Drama, Romance, Family
"
34872,Kasam,2001,"Action
"
34873,Kasoor,2001,"Thriller
"
34874,Kuch Khatti Kuch Meethi,2001,"Comedy, Drama
"
34875,Kyo Kii Main Jhuth Nahin Bolta,2001,"Comedy, Romance
"
34876,Lagaan: Once Upon a Time in India,2001,"Drama, Musical, Social
"
34877,Lajja,2001,"Drama, Romance, Musical, Crime
"
34878,Love Ke Liye Kuchh Bhi Karega,2001,"Comedy
"
34879,Maya,2001,"
"
34880,Mitti,2001,"
"
34881,Moksha,2001,"Drama
"
34882,Mujhe Kucch Kehna Hai,2001,"Comedy
"
34883,Mujhe Meri Biwi Se Bachaao,2001,"Comedy, Family
"
34884,Nayak,2001,"Drama
"
34885,Officer,2001,"Action
"
34886,One 2 Ka 4,2001,"Action, Romance
"
34887,Paagalpan,2001,"Romance
"
34888,Pyaar Ishq Aur Mohabbat,2001,"Romance
"
34889,Pyaar Tune Kya Kiya,2001,"Drama, Romance, Thriller
"
34890,Pyaar Zindagi Hai,2001,"
"
34891,Rahul,2001,"Drama
"
34892,Rehnaa Hai Terre Dil Mein,2001,"Romance
"
34893,Shirdi Sai Baba,2001,"
"
34894,Style,2001,"Romance
"
34895,Tamboo Mein Bamoo,2001,"
"
34896,Tera Mera Saath Rahen,2001,"Drama
"
34897,Tum Bin,2001,"Romance
"
34898,Veer Savarkar,2001,"
"
34899,Yaadein,2001,"Romance, Drama
"
34900,Yeh Raaste Hain Pyaar Ke,2001,"Drama
"
34901,Yeh Teraa Ghar Yeh Meraa Ghar,2001,"Drama
"
34902,Yeh Zindagi Ka Safar,2001,"
"
34903,Zubeidaa,2001,"Drama
"
34904,16-Dec,2002,"Action
"
34905,23rd March 1931: Shaheed,2002,"Historical Drama
"
34906,Aankhen,2002,"Thriller, Action
"
34907,Aap Mujhe Achche Lagne Lage,2002,"Romance, Drama
"
34908,Ab Ke Baras,2002,"Romance, Drama
"
34909,Agni Varsha,2002,"Historical
"
34910,Akhiyon Se Goli Maare,2002,"Comedy
"
34911,Annarth,2002,"Action, Thriller
"
34912,Ansh: The Deadly Part,2002,"Action, Thriller
"
34913,Awara Paagal Deewana,2002,"Action, Comedy
"
34914,Baaja,2002,"Children's
"
34915,Be-Lagaam,2002,"Action
"
34916,Badhaai Ho Badhaai,2002,"Comedy, Drama
"
34917,Bollywood Queen,2002,"
"
34918,Bomb the System,2002,"
"
34919,Chalo Ishq Ladaaye,2002,"Comedy
"
34920,Chor Machaaye Shor,2002,"Comedy, Romance, Crime
"
34921,Company,2002,"Crime, Drama
"
34922,Deewangee,2002,"Thriller
"
34923,Desh Devi,2002,"
"
34924,Devdas,2002,"Romance, Drama, Musical, Historical
"
34925,Dil Hai Tumhaara,2002,"Family, Romance, Drama
"
34926,Dil Vil Pyar Vyar,2002,"Romance, Drama
"
34927,Ek Chhotisi Love Story,2002,"Erotic
"
34928,Encounter: The Killing,2002,"
"
34929,Filhaal,2002,"Drama
"
34930,Ghaav: The Wound,2002,"
"
34931,Gunaah,2002,"Thriller, Romance
"
34932,Haan Maine Bhi Pyaar Kiya,2002,"Drama, Romance
"
34933,Hathyar,2002,"Drama
"
34934,Hum Kisise Kum Nahin,2002,"Action, Comedy
"
34935,Hum Pyar Tumhi Se Kar Baithe,2002,"Romance
"
34936,Hum Tumhare Hain Sanam,2002,"Drama, Romance
"
34937,Humraaz,2002,"Thriller, Romance, Musical
"
34938,Jaani Dushman: Ek Anokhi Kahani,2002,"Fantasy
"
34939,Jang Aur Aman,2002,"
"
34940,Jeena Sirf Merre Liye,2002,"Romance
"
34941,Kaante,2002,"Action, Thriller
"
34942,Kabhie Tum Kabhie Hum,2002,"
"
34943,Karz: The Burden of Truth,2002,"Action, Thriller
"
34944,Kehtaa Hai Dil Baar Baar,2002,"
"
34945,Kitne Door Kitne Paas,2002,"Romance, Drama, Comedy
"
34946,Koi Mere Dil Se Poochhe,2002,"Drama, Romance, Social
"
34947,Kranti,2002,"
"
34948,Kuch Tum Kaho Kuch Hum Kahein,2002,"Romance
"
34949,Kya Yehi Pyaar Hai,2002,"
"
34950,Kyaa Dil Ne Kahaa,2002,"Romance
"
34951,Lal Salaam,2002,"
"
34952,Maa Tujhhe Salaam,2002,"Drama
"
34953,Maine Dil Tujhko Diya,2002,"Action, Romance
"
34954,Makdee,2002,"
"
34955,Maseeha,2002,"Action
"
34956,Mere Yaar Ki Shaadi Hai,2002,"Romance
"
34957,"Mitr, My Friend",2002,"Drama
"
34958,Mohabbat Ho Gayi Hai Tumse,2002,"
"
34959,Mujhse Dosti Karoge!,2002,"Romance, Drama, Comedy, Musical
"
34960,Mulaqaat,2002,"
"
34961,Na Tum Jaano Na Hum,2002,"Romance, Drama
"
34962,Nishad,2002,"
"
34963,Om Jai Jagadish,2002,"Family, Drama, Social
"
34964,Pitaah,2002,"
"
34965,Pyaar Diwana Hota Hai,2002,"Romance
"
34966,Pyar Ki Dhun,2002,"
"
34967,Pyaasa,2002,"Action, Crime
"
34968,Raaz,2002,"Horror, Thriller, Romance, Musical
"
34969,Rishtey,2002,"Drama, Family
"
34970,Road,2002,"Thriller
"
34971,Saathiya,2002,"Drama, Romance, Social, Musical
"
34972,Shaheed-E-Azam,2002,"Historical, Drama
"
34973,Shakti - The Power,2002,"Drama
"
34974,Shararat,2002,"Comedy, Drama
"
34975,Soch,2002,"
"
34976,Sur: The Melody of Life,2002,"Musical
"
34977,The Legend of Bhagat Singh,2002,"Historical, Drama
"
34978,Tumko Na Bhool Paayenge,2002,"Drama
"
34979,Tum Se Achcha Kaun Hai,2002,"
"
34980,Waah! Tera Kya Kehna,2002,"
"
34981,Yeh Dil Aashiqanaa,2002,"
"
34982,Yeh Hai Jalwa,2002,"Comedy
"
34983,Yeh Kaisi Mohabbat,2002,"
"
34984,Yeh Kya Ho Raha Hai?,2002,"Comedy, Romance
"
34985,Yeh Mohabbat Hai,2002,"
"
34986,Zindagi Khoobsoorat Hai,2002,"
"
34987,3 Deewarein,2003,"Drama
"
34988,88 Antop Hill,2003,"Thriller
"
34989,Aaj Ka Andha Kanoon,2003,"
"
34990,Aanch,2003,"
"
34991,Aapko Pehle Bhi Kahin Dekha Hai,2003,"Romance
"
34992,Aisaa Kyon,2003,"
"
34993,Andaaz,2003,"Romance
"
34994,Armaan,2003,"Drama, Family
"
34995,Baap Ka Baap,2003,"
"
34996,Baaz: A Bird in Danger,2003,"Thriller
"
34997,Baghban,2003,"Drama, Family
"
34998,Bas Yun Hi,2003,"Drama
"
34999,Basti,2003,"Action
"
35000,Bhoot,2003,"Horror
"
35001,Boom,2003,"Thriller
"
35002,Butterfly,2003,"
"
35003,The Bypass,2003,"
"
35004,Calcutta Mail,2003,"Drama
"
35005,Chalte Chalte,2003,"Drama, Romance, Comedy, Musical
"
35006,Chori Chori,2003,"Romance
"
35007,Chupke Se,2003,"
"
35008,Chura Liyaa Hai Tumne,2003,"Action, Drama, Romance, Thriller
"
35009,Dabdaba,2003,"
"
35010,Danav,2003,"
"
35011,Darna Mana Hai,2003,"Horror, Thriller
"
35012,Dhoop,2003,"
"
35013,Dhund,2003,"
"
35014,Dil Ka Rishta,2003,"Drama, Romance
"
35015,Dil Pardesi Ho Gayaa,2003,"Romance
"
35016,Dum,2003,"Action, Drama, Romance
"
35017,Ek Alag Mausam,2003,"
"
35018,Ek Aur Ek Gyarah,2003,"Comedy
"
35019,Ek Din 24 Ghante,2003,"
"
35020,Escape from Taliban,2003,"Drama
"
35021,Final Solution,2003,"
"
35022,Footpath,2003,"Drama
"
35023,Fun2shh... Dudes in the 10th Century,2003,"
"
35024,Gangaajal,2003,"Drama, Social
"
35025,Green Card Fever,2003,"Drama
"
35026,Haasil,2003,"Drama
"
35027,Hawa,2003,"Horror
"
35028,Hawayein,2003,"
"
35029,The Hero: Love Story of a Spy,2003,"Drama, Action, Thriller
"
35030,Humein Tumse Pyar Ho Gaya Chupke Chupke,2003,"
"
35031,Hungama,2003,"Comedy
"
35032,Indian Babu,2003,"
"
35033,Inteha,2003,"Drama, Thriller
"
35034,Ishq Vishk,2003,"Romance
"
35035,Jaal: The Trap,2003,"Action, Romance
"
35036,Jajantaram Mamantaram,2003,"
"
35037,Janasheen,2003,"Thriller
"
35038,Jhankaar Beats,2003,"Drama, Musical
"
35039,Jism,2003,"Drama, Romance, Thriller
"
35040,Jodi Kya Banayi Wah Wah Ramji,2003,"
"
35041,Joggers Park,2003,"
"
35042,Kaash... Hamara Dil Pagal Na Hota,2003,"
"
35043,Kagaar: Life on the Edge,2003,"
"
35044,Kahan Ho Tum,2003,"
"
35045,Kaise Kahoon Ke... Pyaar Hai,2003,"
"
35046,Kal Ho Naa Ho,2003,"Drama, Romance, Comedy, Family, Musical, Social
"
35047,Kash Aap Hamare Hote,2003,"Romance
"
35048,Kaya Poochhe Maya Se,2003,"
"
35049,Khanjar: The Knife,2003,"Action
"
35050,Khel � No Ordinary Game,2003,"Thriller
"
35051,Khushi,2003,"Romance
"
35052,Khwahish,2003,"Drama
"
35053,Koi... Mil Gaya,2003,"Romance, Fantasy, Musical
"
35054,Kucch To Hai,2003,"Thriller
"
35055,Kuch Naa Kaho,2003,"Drama, Romance, Musical
"
35056,Kyon?,2003,"
"
35057,Larger Than Life,2003,"
"
35058,LOC: Kargil,2003,"War, Drama, Historical
"
35059,Love at Times Square,2003,"
"
35060,Maa Santoshi Maa,2003,"
"
35061,Main Madhuri Dixit Banna Chahti Hoon,2003,"Comedy
"
35062,Main Prem Ki Diwani Hoon,2003,"Romance, Drama, Comedy
"
35063,Market,2003,"
"
35064,Matrubhoomi,2003,"Drama
"
35065,Miss India: The Mystery,2003,"
"
35066,Mudda: The Issue,2003,"
"
35067,Mumbai Matinee,2003,"
"
35068,Mumbai Se Aaya Mera Dost,2003,"Drama
"
35069,Munna Bhai M.B.B.S.,2003,"Comedy, Social, Musical
"
35070,Naag Lok,2003,"
"
35071,Nayee Padosan,2003,"
"
35072,October,2003,"
"
35073,Om,2003,"
"
35074,Oops!,2003,"
"
35075,Out of Control,2003,"Comedy, Romance
"
35076,Paanch,2003,"
"
35077,Parwana,2003,"Action, Drama, Thriller
"
35078,Patth,2003,"
"
35079,Pehli Nazar Ka Pehla Pyaar: Love at First Sight,2003,"
"
35080,Pinjar,2003,"Drama, Social
"
35081,The Pink Mirror,2003,"
"
35082,Praan Jaye Par Shaan Na Jaye,2003,"Comedy
"
35083,Qayamat: City Under Threat,2003,"Thriller
"
35084,Raghu More: Bachelor of Hearts,2003,"
"
35085,Raghu Romeo,2003,"
"
35086,Raja Bhaiya,2003,"
"
35087,Rasikan Re,2003,"
"
35088,"Right Here, Right Now",2003,"
"
35089,Rules: Pyaar Ka Superhit Formula,2003,"
"
35090,Saaya,2003,"Drama
"
35091,Sala Bandar!,2003,"
"
35092,Samay: When Time Strikes,2003,"Thriller
"
35093,Sanatta: The Silence,2003,"
"
35094,Sandhya,2003,"
"
35095,Satta,2003,"Drama, Social
"
35096,Satyaghath: Crime Never Pays,2003,"
"
35097,Shanti,2003,"
"
35098,Sssshhh...,2003,"
"
35099,Stumped,2003,"
"
35100,Supari,2003,"
"
35101,Surya,2003,"
"
35102,Tada,2003,"
"
35103,Taj Mahal: A Monument of Love,2003,"
"
35104,Talaash: The Hunt Begins...,2003,"Thriller
"
35105,Tareekh,2003,"
"
35106,Tehzeeb,2003,"
"
35107,Tere Naam,2003,"Drama, Romance
"
35108,Tu Bal Bramhachari Main Hoon Kanya Kunwari,2003,"
"
35109,Tujhe Meri Kasam,2003,"Romance
"
35110,Tumse Milke Wrong Number,2003,"
"
35111,Valentine Days,2003,"
"
35112,Waisa Bhi Hota Hai Part II,2003,"
"
35113,Xcuse Me,2003,"Comedy
"
35114,Yeh Dil,2003,"
"
35115,Zameen,2003,"Thriller
"
35116,Aabra Ka Daabra,2004,"Fantasy
"
35117,Aan: Men at Work,2004,"Action
"
35118,Ab... Bas!,2004,"Adult
"
35119,Ab Tumhare Hawale Watan Saathiyo,2004,"War, Drama
"
35120,Aetbaar,2004,"Thriller
"
35121,Agnipankh,2004,"
"
35122,Aitraaz,2004,"Drama, Romance, Thriller
"
35123,Asambhav,2004,"Mystery, Thriller
"
35124,Banana Brothers,2004,"Comedy
"
35125,Bardaasht,2004,"Action, Drama, Thriller
"
35126,Chameli,2004,"Drama
"
35127,Chand Bujh Gaya,2004,"Romance
"
35128,Charas,2004,"Action
"
35129,Deewaar,2004,"Drama
"
35130,Dev,2004,"Drama
"
35131,Dhoom,2004,"Thriller, Action
"
35132,Dil Bechara Pyaar Ka Maara,2004,"Comedy
"
35133,Dil Maange More,2004,"Romance, Comedy
"
35134,Dil Ne Jise Apna Kahaa,2004,"Drama, Romance
"
35135,Dobara,2004,"Drama
"
35136,Dukaan,2004,"Adult Romance
"
35137,Ek Se Badhkar Ek,2004,"Comedy
"
35138,Ek Hasina Thi,2004,"Thriller, Drama
"
35139,Fida,2004,"Drama, Romance, Thriller
"
35140,Garv,2004,"Drama
"
35141,Gayab,2004,"Fantasy, Thriller
"
35142,Girlfriend,2004,"Drama, Romance
"
35143,Hatya,2004,"
"
35144,Hava Aney Dey,2004,"Drama
"
35145,Hawas,2004,"Erotic Romance
"
35146,Hulchul,2004,"Comedy, Drama, Romance, Family
"
35147,Hum Tum,2004,"Comedy, Romance, Drama, Musical
"
35148,Hyderabad Blues 2,2004,"Drama
"
35149,I Proud to Be an Indian,2004,"Action
"
35150,Insaaf: The Justice,2004,"Action
"
35151,Inteqam: The Perfect Game,2004,"Action
"
35152,Ishq Hai Tumse,2004,"Drama
"
35153,Julie,2004,"Adult Drama
"
35154,Kaun Hai Jo Sapno Mein Aaya,2004,"Romance
"
35155,Kaya Taran,2004,"Drama
"
35156,Khakee,2004,"Action, Thriller
"
35157,Khamosh Pani,2004,"Drama
"
35158,King of Bollywood,2004,"Comedy
"
35159,Kis Kis Ki Kismat,2004,"Comedy
"
35160,Kismat,2004,"Thriller
"
35161,Kiss Kis Ko,2004,"Adult Comedy
"
35162,Krishna Cottage,2004,"Thriller
"
35163,Kyun! Ho Gaya Na...,2004,"Romance, Drama, Comedy
"
35164,Lakeer � Forbidden Lines,2004,"Action, Drama, Romance
"
35165,Lakshya,2004,"War, Drama, Action, Romance
"
35166,Let's Enjoy,2004,"Adult Thriller
"
35167,Madhoshi,2004,"Drama, Romance, Thriller
"
35168,Main Hoon Na,2004,"Action, Musical, Drama, Comedy
"
35169,Maqbool,2004,"Mystery, Drama
"
35170,Masti,2004,"Comedy
"
35171,Meenaxi: A Tale of Three Cities,2004,"Romance, Musical Drama
"
35172,Meri Biwi Ka Jawaab Nahin,2004,"Action, Comedy, Romance
"
35173,Mughal-e-Azam (Colorized Version),2004,"Drama
"
35174,Mujhse Shaadi Karogi,2004,"Comedy, Romance, Musical
"
35175,Murder,2004,"Thriller, Romance
"
35176,Musafir,2004,"Thriller
"
35177,Muskaan,2004,"Romance, Drama
"
35178,Naach,2004,"Drama
"
35179,Netaji Subhas Chandra Bose: The Forgotten Hero,2004,"
"
35180,Nothing but Life,2004,"Drama
"
35181,Paap,2004,"Drama
"
35182,Paisa Vasool,2004,"Black Comedy
"
35183,Phir Milenge,2004,"Drama, Social
"
35184,Plan,2004,"Action
"
35185,Police Force: An Inside Story,2004,"Action
"
35186,Popcorn Khao! Mast Ho Jao,2004,"
"
35187,Raincoat,2004,"Drama
"
35188,Rakht,2004,"Horror
"
35189,Rok Sako To Rok Lo,2004,"Sports Comedy
"
35190,Rudraksh,2004,"Thriller
"
35191,Run,2004,"Action, Drama, Romance
"
35192,Shaadi Ka Laddoo,2004,"Comedy
"
35193,Shart: The Challenge,2004,"Action, Drama
"
35194,Sheen,2004,"Romance
"
35195,Shikhaar,2004,"Drama
"
35196,Shukriya: Till Death Do Us Apart,2004,"Drama
"
35197,Silence Please...The Dressing Room,2004,"Thriller
"
35198,Stop!,2004,"Romance, Drama
"
35199,Suno Sasurjee,2004,"Romantic, Comedy
"
35200,Swades,2004,"Drama, Social
"
35201,Taarzan: The Wonder Car,2004,"Fantasy Thriller
"
35202,Thoda Tum Badlo Thoda Hum,2004,"Romance
"
35203,Tumsa Nahin Dekha: A Love Story,2004,"Romance
"
35204,Uff Kya Jaadoo Mohabbat Hai,2004,"Romance
"
35205,Vaastu Shastra,2004,"Horror
"
35206,Veer-Zaara,2004,"Drama, Romance, Family, Musical
"
35207,Wajahh: A Reason to Kill,2004,"Thriller
"
35208,Where's the Party Yaar?,2004,"Comedy
"
35209,Woh,2004,"Thriller
"
35210,Yeh Lamhe Judaai Ke,2004,"Drama
"
35211,Yehi Hai Zindagi,2004,"Drama
"
35212,Yuva,2004,"Drama, Action
"
35213,7� Phere,2005,"Comedy
"
35214,"99.9 FM,",2005,"Crime / Thriller
"
35215,Aashiq Banaya Aapne,2005,"Romance, Drama
"
35216,Amavas,2005,"
"
35218,Apaharan,2005,"Drama, Action
"
35219,Bachke Rehna Re Baba,2005,"Comedy
"
35220,Barsaat,2005,"Romance, Drama, Family
"
35221,Bewafaa,2005,"Drama, Romance
"
35222,Bhagmati,2005,"Romance
"
35223,Bhola in Bollywood,2005,"Comedy
"
35224,Black,2005,"Drama, Social
"
35225,Blackmail,2005,"Thriller, Drama
"
35226,Bluffmaster!,2005,"Comedy
"
35227,Brides Wanted,2005,"Comedy
"
35228,Bullet: Ek Dhamaka,2005,"Action
"
35229,Bunty Aur Babli,2005,"Comedy, Crime, Romance, Musical
"
35230,Chaahat � Ek Nasha,2005,"Romance
"
35231,Chand Sa Roshan Chehra,2005,"Romance
"
35232,Chausar,2005,"
"
35233,Chehraa,2005,"Thriller
"
35234,Chetna: The Excitement,2005,"Erotic Drama
"
35235,Chocolate,2005,"Action, Thriller, Suspense
"
35236,Chor Mandi,2005,"Comedy
"
35237,Classic � Dance of Love,2005,"Erotic Thriller
"
35238,D,2005,"Crime, Drama
"
35239,Dansh,2005,"Drama
"
35240,Deewane Huye Paagal,2005,"Romantic Comedy
"
35241,Dil Jo Bhi Kahey...,2005,"Family drama
"
35242,Dosti: Friends Forever,2005,"Drama, Romance
"
35243,Double Cross - Ek Dhoka,2005,"
"
35244,Dreams,2005,"
"
35245,Dus,2005,"Action, Thriller
"
35246,Ek Ajnabee,2005,"Thriller
"
35247,Ek Khiladi Ek Haseena,2005,"Thriller
"
35248,Elaan,2005,"Action, Drama
"
35249,Fareb,2005,"Thriller
"
35250,Film Star,2005,"
"
35251,Fun � Can Be Dangerous Sometimes,2005,"Erotic Drama
"
35252,Garam Masala,2005,"Comedy
"
35253,Hanuman,2005,"
"
35254,Hazaaron Khwaishein Aisi,2005,"Drama
"
35255,Home Delivery,2005,"Comedy
"
35256,Hum Dum,2005,"Romance
"
35257,Insan,2005,"Action, Thriller
"
35258,Iqbal,2005,"Sports, Drama, Social
"
35259,Jackpot,2005,"Erotic, Crime
"
35260,Jai Chiranjeeva,2005,"Drama
"
35261,Jalwa - Fun in Love,2005,"Erotic romance
"
35262,James,2005,"Action
"
35263,Jo Bole So Nihaal,2005,"Action, Comedy
"
35264,Jurm,2005,"Thriller
"
35265,Kaal,2005,"Horror, Thriller
"
35266,Kalyug,2005,"Drama
"
35267,Karam,2005,"Thriller
"
35268,Kasak,2005,"
"
35269,Khamoshh... Khauff Ki Raat,2005,"Thriller
"
35270,Kisna: The Warrior Poet,2005,"Drama, Historical
"
35271,Koi Aap Sa,2005,"Drama, Romance
"
35272,Koi Mere Dil Mein Hai,2005,"
"
35273,Kuchh Meetha Ho Jaye,2005,"Comedy, Drama, Romance
"
35274,Kyaa Kool Hai Hum,2005,"Comedy
"
35275,Kyon Ki,2005,"Drama, Romance
"
35276,Lucky: No Time for Love,2005,"Romance, Musical
"
35277,Main Aisa Hi Hoon,2005,"Drama
"
35278,"Main, Meri Patni Aur Woh",2005,"
"
35279,Maine Gandhi Ko Nahin Mara,2005,"Drama, Social
"
35280,Maine Pyaar Kyun Kiya?,2005,"Comedy
"
35281,Mangal Pandey: The Rising,2005,"Drama, Historical
"
35282,Mashooka,2005,"Erotic thriller
"
35283,Mazaa Mazaa,2005,"
"
35284,Men Not Allowed,2005,"Romance
"
35285,Morning Raga,2005,"
"
35286,Mr Ya Miss,2005,"Comedy
"
35287,Mr Prime Minister,2005,"Drama
"
35288,Mumbai Xpress,2005,"
"
35289,Mumbai Godfather,2005,"Drama
"
35290,My Brother... Nikhil,2005,"Drama, Social
"
35291,My Wife's Murder,2005,"Drama, Thriller
"
35292,Naam Gum Jaayega,2005,"Romance
"
35293,Naina,2005,"Horror, Thriller
"
35294,Neal 'n' Nikki,2005,"Comedy, Romance
"
35295,Nigehbaan,2005,"
"
35296,No Entry,2005,"Comedy
"
35297,Padmashree Laloo Prasad Yadav,2005,"Comedy
"
35298,Page 3,2005,"Drama, Social
"
35299,Pehchaan: The Face of Truth,2005,"Drama
"
35300,Paheli,2005,"Fantasy, Romance, Musical
"
35301,Parineeta,2005,"Drama
"
35302,Pyaar Mein Twist,2005,"Drama, Romance
"
35303,Ramji Londonwale,2005,"
"
35304,Revati,2005,"
"
35305,Rog,2005,"Drama, Thriller
"
35306,Saathi: The Companion,2005,"
"
35307,Salaam Namaste,2005,"Romance, Comedy, Drama, Social
"
35308,Sarkar,2005,"Crime, Drama
"
35309,Sauda - The Deal,2005,"
"
35310,Sehar,2005,"
"
35311,Shaadi No. 1,2005,"Comedy, Romance
"
35312,Shabd,2005,"Drama
"
35313,Shabnam Mausi,2005,"
"
35314,Sheesha,2005,"
"
35316,Shikhar,2005,"Drama
"
35317,Silsiilay,2005,"Romance
"
35318,Sitam,2005,"
"
35319,Socha Na Tha,2005,"Romance, Comedy
"
35320,Ssukh,2005,"
"
35321,Taj Mahal: An Eternal Love Story,2005,"History, Epic, Romance
"
35322,Tango Charlie,2005,"War, Drama
"
35323,Tezaab,2005,"Erotic
"
35324,The Film,2005,"Thriller
"
35325,Time Pass,2005,"
"
35326,Topless,2005,"
"
35327,"U, Bomsi n Me",2005,"
"
35328,Vaada,2005,"Thriller
"
35329,Vaah! Life Ho Toh Aisi!,2005,"Fantasy, Comedy
"
35330,Vidyaarthi,2005,"
"
35331,Viruddh... Family Comes First,2005,"Drama
"
35332,Waqt: The Race Against Time,2005,"Drama
"
35333,Yahaan,2005,"Romance
"
35334,Yakeen,2005,"Drama
"
35335,Zameer: The Fire Within,2005,"Drama
"
35336,Zeher,2005,"Drama, Thriller
"
35337,36 China Town,2006,"Thriller, Mystery"
35338,Aap Ki Khatir,2006,"Comedy, Romance, Social"
35339,Aatma,2006,Horror
35340,Adharm,2006,
35341,Ahista Ahista,2006,"Drama, Romance"
35342,Aisa Kyon Hota Hai?,2006,Drama
35343,Aksar,2006,Thriller
35344,Alag,2006,Drama
35345,Anjaan,2006,
35346,Ankahee,2006,"Drama, Romance, Crime"
35347,Anthony Kaun Hai?,2006,"Comedy, Thriller"
35348,Apna Sapna Money Money,2006,Comedy
35349,Aryan: Unbreakable,2006,"Action, Sports, Romance"
35350,Baabul,2006,"Drama, Romance, Family, Social"
35351,Banaras,2006,"Drama, Social"
35352,Bas Ek Pal,2006,
35353,Being Cyrus,2006,"Drama, Comedy"
35354,Bhagam Bhag,2006,"Comedy, Musical"
35355,Bhoot Unkle,2006,Comedy
35356,Chand Ke Paar Chalo,2006,
35357,Chingaari,2006,"Drama, Social"
35358,Chup Chup Ke,2006,"Comedy, Romance"
35359,Corporate,2006,"Drama, Thriller, Business"
35360,Darna Zaroori Hai,2006,Horror
35361,Darwaaza Bandh Rakho,2006,"Comedy, Crime"
35362,Deadline: Sirf 24 Ghante,2006,
35363,Devaki,2006,Drama
35364,Dharti Kahe Pukar Ke,2006,Drama
35365,Dhoom 2,2006,"Thriller, Action, Romance, Musical"
35366,Dil Diya Hai,2006,Thriller
35367,Don,2006,"Thriller, Action, Drama"
35368,Dor,2006,"Drama, Social"
35369,Dulha Babu,2006,
35370,Eight: The Power of Shani,2006,
35371,Ek Main Ek Tum,2006,
35372,Family,2006,"Drama, Thriller"
35373,Fanaa,2006,"Drama, Romance, Thriller, Musical"
35374,Fight Club � Members Only,2006,"Action, Thriller"
35375,Gangster,2006,"Drama, Romance, Thriller, Musical"
35376,Golmaal: Fun Unlimited,2006,Comedy
35377,Haseena,2006,"Thriller, Comedy"
35378,Holiday,2006,Romance
35379,Humko Deewana Kar Gaye,2006,"Romance, Drama, Musical"
35380,Humko Tumse Pyaar Hai,2006,"Drama, Romance"
35381,Iqraar by Chance,2006,"Action, Drama"
35382,I See You,2006,"Drama, Romance, Social"
35383,Jaane Hoga Kya,2006,"Supensene, Thriller, Sci-fi"
35384,Jaadu Sa Chal Gaya,2006,
35385,Jaana - Let's Fall In Love,2006,
35386,Jaan-E-Mann,2006,"Drama, Romance, Musical, Comedy"
35387,Jawani Diwani,2006,"Comedy, Adult"
35388,Jigyaasa,2006,"Social, Adult"
35389,Kabul Express,2006,"Drama, Thriller, War"
35390,Kabhi Alvida Naa Kehna,2006,"Drama, Romance, Musical, Comedy, Family, Social"
35391,Khosla Ka Ghosla,2006,Comedy
35392,Krishna,2006,
35393,Krrish,2006,"Superhero, Action, Fantasy, Romance, Musical"
35394,Kudiyon Ka Hai Zamana,2006,Comedy
35395,Lady Chatterjee - Sawan Dutta,2006,
35396,Lage Raho Munna Bhai,2006,"Comedy, Social, Musical"
35397,Love Ke Chakkar Mein,2006,"Romance, Comedy"
35398,Madhubaala,2006,
35399,Malamaal Weekly,2006,Comedy
35400,Mere Jeevan Saathi,2006,"Drama, Romance"
35401,Meri Jung,2006,
35402,Mirza Sahiba,2006,
35403,Mobile Phone,2006,
35404,Mr 100% - The Real Player,2006,
35405,Naksha,2006,"Thriller, Fantasy"
35406,Omkara,2006,"Drama, Social, Action"
35407,Phir Hera Pheri,2006,Comedy
35408,Prateeksha,2006,
35409,Pyaar Ke Side Effects,2006,"Comedy, Romance"
35410,Pyare Mohan,2006,Comedy
35411,Rafta Rafta,2006,
35412,Rang De Basanti,2006,"Drama, Patriotic, Social"
35413,Rehguzar - The Road to Destiny,2006,
35414,Rocky,2006,"Action, Romance"
35415,Saawan... The Love Season,2006,"Drama, Romance"
35416,Sacred Evil � A True Story,2006,"Horror, Thriller"
35417,Salaam Bacche,2006,
35418,Sandwich,2006,Comedy
35419,Sarhad Paar,2006,Drama
35420,Shaadi Karke Phas Gaya Yaar,2006,"Drama, Romance"
35421,Shaadi Se Pehle,2006,"Comedy, Romance"
35423,Shiva,2006,
35424,Souten: The Other Woman,2006,Drama
35425,Strings - Bound By Faith,2006,
35426,Sun Zara,2006,
35427,Tathastu,2006,"Drama, Family"
35428,Taxi No. 9211,2006,"Social, Thriller"
35429,Teesri Aankh: The Hidden Camera,2006,"Action, Thriller"
35430,The Killer,2006,
35431,The Real Dream Girls,2006,B-grade
35432,Tom Dick And Harry,2006,Comedy
35433,Umar,2006,
35434,Umrao Jaan,2006,"Drama, Romance, Social, Historical"
35435,Unns...Means Love,2006,
35436,Utthaan,2006,
35437,Vivah,2006,"Romance, Drama"
35438,Waris Shah: Ishq Daa Waaris,2006,
35439,Woh Lamhe...,2006,"Drama, Romance, Social"
35440,Yun Hota Toh Kya Hota,2006,Drama
35441,Zinda,2006,Thriller
35442,Zindaggi Rocks,2006,Drama
35443,1971,2007,"War
"
35444,50 Lakh,2007,"
"
35445,68 Pages,2007,"
"
35446,Aag,2007,"Action, Thriller
"
35447,Aaja Nachle,2007,"Musical
"
35448,Aap Kaa Surroor,2007,"Drama, Thriller, Romance
"
35449,Aggar,2007,"Drama, Thriller
"
35450,Anjaam,2007,"Thriller
"
35451,Anwar,2007,"Drama
"
35452,Apna Asmaan,2007,"
"
35453,Apne,2007,"Family, Drama, Sports
"
35454,Aur Pappu Paas Ho Gaya,2007,"
"
35455,Awarapan,2007,"Action, Drama
"
35456,Bal Ganesh,2007,"Mythological
"
35457,Benaam,2007,"Action
"
35458,Bheja Fry,2007,"Comedy
"
35459,Bhool Bhulaiyaa,2007,"Mystery, Thriller, Comedy
"
35460,Bhram,2007,"Thriller
"
35461,Big Brother,2007,"Action, Drama, Romance, Crime
"
35462,Black Friday,2007,"Crime Fiction, Drama, Historical
"
35463,Blood Brothers,2007,"Short Film
"
35464,The Blue Umbrella,2007,"
"
35465,Bombay to Goa ,2007,"Comedy
"
35466,Buddha Mar Gaya,2007,"Comedy
"
35467,Cash,2007,"Thriller
"
35468,Chak De! India,2007,"Sports
"
35469,Chanchal,2007,"Drama, Musical
"
35470,Cheeni Kum,2007,"Romance, Comedy, Drama
"
35471,Chhodon Naa Yaar,2007,"Horror
"
35472,Chooriyan,2007,"Family, Drama
"
35473,Cocktail: The Deadly Combination,2007,"Thriller
"
35474,Darling,2007,"Thriller, Horror, Romance, Mystery
"
35475,Delhii Heights,2007,"
"
35476,Dhamaal,2007,"Comedy
"
35477,Goal,2007,"Sports
"
35478,Dharm,2007,"
"
35479,Dhokha,2007,"
"
35480,Dhol,2007,"Comedy
"
35481,Dil Dosti Etc,2007,"
"
35482,Don't Stop Dreaming,2007,"Drama
"
35483,Dus Kahaniyaan,2007,"Drama
"
35484,Ek Chalis Ki Last Local,2007,"
"
35485,Eklavya: The Royal Guard,2007,"Drama
"
35486,Familywala,2007,"
"
35487,Fool & Final,2007,"Action, Comedy, Romance, Musical
"
35488,"Gandhi, My Father",2007,"Drama
"
35489,Gangotri,2007,"Drama
"
35490,Gauri: The Unborn,2007,"Horror
"
35491,Go,2007,"
"
35492,"Good Boy, Bad Boy",2007,"Comedy
"
35493,Guru,2007,"Drama, Romance
"
35494,Har Pal,2007,"Romance
"
35495,Hastey Hastey,2007,"Comedy
"
35496,Hattrick,2007,"Comedy
"
35497,Heyy Babyy,2007,"Comedy, Drama, Romance
"
35498,Honeymoon Travels Pvt. Ltd.,2007,"Comedy, Drama, Romance
"
35499,Jab We Met,2007,"Romance, comedy
"
35500,Jahan Jaaeyega Hamen Paaeyega,2007,"Comedy
"
35501,Jhoom Barabar Jhoom,2007,"Romance, Comedy
"
35502,Johnny Gaddaar,2007,"Thriller
"
35503,Just Married,2007,"Drama, Romance, Social, Comedy
"
35504,Kaafila,2007,"Action, Patriotic
"
35505,Khoya Khoya Chand,2007,"Romance, Drama
"
35506,Kya Love Story Hai,2007,"Romance
"
35507,Laaga Chunari Mein Daag,2007,"Drama
"
35508,Life in a... Metro,2007,"Drama
"
35509,Life Mein Kabhie Kabhiee,2007,"Thriller
"
35510,Loins of Punjab Presents,2007,"Musical, Drama
"
35511,Manorama Six Feet Under,2007,"Thriller
"
35512,Marigold,2007,"Romance |
"
35513,MP3: Mera Pehla Pehla Pyaar,2007,"Romance
"
35514,Mumbai Salsa,2007,"
"
35515,My Bollywood Bride,2007,"Romance
"
35516,Namastey London,2007,"Romance, Comedy, Drama, Social
"
35517,The Namesake,2007,"Drama
"
35518,Nanhe Jaisalmer,2007,"Drama
"
35519,Naqaab,2007,"Thriller
"
35520,Nehlle Pe Dehlla,2007,"Comedy
"
35521,Nishabd,2007,"Drama
"
35522,No Smoking,2007,"Drama, Thriller
"
35523,Oh My Anand,2007,"Comedy
"
35524,Om Shanti Om,2007,"Action, Romance, Comedy, Drama
"
35525,Partner,2007,"Comedy, Romance
"
35526,Raqeeb,2007,"Romance
"
35527,Red: The Dark Side,2007,"Thriller
"
35528,Red Swastik,2007,"Thriller
"
35529,Risk,2007,"Action, Drama
"
35530,Salaam-e-Ishq: A Tribute to Love,2007,"Romance
"
35531,Saawariya,2007,"Drama, romance
"
35533,Sambar Salsa,2007,"
"
35534,Say Salaam India,2007,"Cricket
"
35535,Shakalaka Boom Boom,2007,"Drama, social, musical, romance
"
35536,Shootout at Lokhandwala,2007,"Action, crime, drama
"
35537,Showbiz,2007,"
"
35538,Speed,2007,"Thriller
"
35539,Strangers,2007,"
"
35540,Sunglass,2007,"
"
35541,Swami,2007,"Drama
"
35542,Ta Ra Rum Pum,2007,"Romance, drama, social
"
35543,Taare Zameen Par,2007,"Drama
"
35544,Traffic Signal,2007,"Drama
"
35545,The Train,2007,"
"
35546,Victoria No. 203,2007,"Comedy
"
35547,Welcome,2007,"Comedy
"
35548,Yatra,2007,"
"
35549,Zamaanat,2007,"Drama
"
35560,Humne Jeena Seekh Liya,2008,Comedy
35561,Rama Rama Kya Hai Dramaa?,2008,Comedy
35562,Halla Bol,2008,Social
35563,Bombay to Bangkok,2008,"Comedy, Drama, Romance"
35564,Tulsi,2008,
35565,Sunday,2008,"Action, Comedy"
35566,Superstar,2008,Drama
35567,Jodhaa Akbar,2008,"History, Romance"
35568,Black & White,2008,"Social, Drama, History"
35569,Race,2008,"Crime, Thriller"
35570,One Two Three,2008,"Comedy, Drama"
35571,Shaurya,2008,Drama
35572,Krazzy 4,2008,Comedy
35573,U Me Aur Hum,2008,Romance
35574,Pehli Nazar Ka Pyaar,2008,Romance
35575,Sirf,2008,"Drama, Romance"
35576,Tashan,2008,"action, Romance"
35577,Mr. Black Mr. White,2008,Comedy
35578,Anamika,2008,Thriller
35579,Jimmy,2008,"Drama, action, Crime, Thriller, Romance"
35580,Bhoothnath,2008,"Comedy, Drama, Fantasy"
35581,Jannat,2008,"Drama, Romance"
35582,Don Muthu Swami,2008,Comedy
35583,Ghatothkach,2008,Fantasy
35584,Woodstock Villa,2008,Thriller
35585,Aamir,2008,"Drama, Thriller"
35586,Sarkar Raj,2008,"action, Crime, Drama, Thriller"
35587,Mere Baap Pehle Aap,2008,Comedy
35588,Summer 2007,2008,
35589,De Taali,2008,"Comedy, Romance"
35590,Haal-e-Dil,2008,"Drama, Romance"
35591,Thoda Pyaar Thoda Magic,2008,"Drama, Romance, Fantasy"
35592,Thodi Life Thoda Magic,2008,Drama
35593,Via Darjeeling,2008,"Drama, Mystery, Thriller"
35594,Jaane Tu... Ya Jaane Na,2008,Romance
35595,Love Story 2050,2008,"Drama, Musical, Romance"
35596,Mehbooba,2008,Romance
35597,Kismat Konnection,2008,"Comedy, Drama, Romance"
35598,Contract,2008,"Thriler, Spy"
35599,Mission Istaanbul,2008,Adventure
35600,Money Hai Toh Honey Hai,2008,"Comedy, Drama, Romance"
35601,Ugly Aur Pagli,2008,Comedy
35602,Good Luck!,2008,
35603,Singh Is Kinng,2008,"action, Comedy, Crime, Romance"
35604,Bachna Ae Haseeno,2008,"Comedy, Drama, Romance"
35605,God Tussi Great Ho,2008,"Comedy, Romance"
35606,Phoonk,2008,Horror
35607,Mumbai Meri Jaan,2008,
35608,Maan Gaye Mughal-e-Azam,2008,Comedy
35609,Rock On!!,2008,"Drama, Romance, Musical"
35610,C Kkompany,2008,Comedy
35611,Chamku,2008,"Musical, Romance, Thriller"
35612,Mukhbiir,2008,Thriller
35613,A Wednesday!,2008,"Drama, Thriller"
35614,Tahaan,2008,"Adventure, Drama"
35615,1920,2008,"Horror, Mystery, Romance, Thriller"
35616,The Last Lear,2008,"Biography, Drama"
35617,Welcome to Sajjanpur,2008,"Comedy, Drama"
35618,Saas Bahu Aur Sensex,2008,Comedy
35619,Hari Puttar: A Comedy of Terrors,2008,Comedy
35620,Kidnap,2008,"Crime, Thriller"
35621,Drona,2008,"Superhero, action, Adventure, Fantasy"
35622,Hello,2008,"Drama, Romance"
35623,Karzzzz,2008,"action, Romance"
35624,Heroes,2008,Drama
35625,Roadside Romeo,2008,"Animation, Family, Romance"
35626,Golmaal Returns,2008,Comedy
35627,Fashion,2008,"Drama, Romance"
35628,EMI - Liya Hai Toh Chukana Parega,2008,"Comedy, Social"
35629,Ek Vivaah... Aisa Bhi,2008,Drama
35630,Dostana,2008,Comedy
35631,Dasvidaniya,2008,"Comedy, Drama, Musical, Romance"
35632,Deshdrohi,2008,Politics
35633,Yuvvraaj,2008,"Musical, Drama, Romance, Family"
35634,Gumnaam � The Mystery,2008,"Thriller, Mystery"
35635,Oye Lucky! Lucky Oye!,2008,"Comedy, Drama"
35636,Sorry Bhai!,2008,Romance
35637,Maharathi,2008,Thriller
35638,Dil Kabaddi,2008,"Comedy, Romance"
35639,Meerabai Not Out,2008,Drama
35640,"Oh, My God",2008,Comedy
35641,Rab Ne Bana Di Jodi,2008,Romance
35642,Wafaa,2008,"Romance, Drama, Romance"
35643,Ghajini,2008,"action, Drama, Mystery, Romance, Thriller"
35644,Jumbo,2008,Animation
35655,Chandni Chowk to China,2009,"Action, Comedy"
35656,Aasma: The Sky Is the Limit,2009,Drama
35657,Raaz: The Mystery Continues,2009,Horror
35658,Luck by Chance,2009,Drama
35659,Victory,2009,Sports
35660,Dev.D,2009,Romance
35661,Chal Chala Chal,2009,Comedy
35662,Mere Khwabon Mein Jo Aaye,2009,"Drama, Fantasy, Musical"
35663,Billu,2009,Drama
35664,The Stoneman Murders,2009,"Crime, Drama, Mystery"
35665,Delhi-6,2009,"Romance, Drama"
35666,Kisse Pyaar Karoon,2009,Romance
35667,"13B
",2009,Horror
35668,"Dhoondte Reh Jaaoge
",2009,Comedy
35669,"Karma Aur Holi
",2009,Drama
35670,"Jai Veeru
",2009,Action Comedy
35671,"Little Zizou
",2009,Comedy
35672,"Gulaal
",2009,Drama
35673,"Aloo Chaat
",2009,Romantic Comedy
35674,"Barah Aana
",2009,Drama
35675,"Firaaq
",2009,Political
35676,"Lottery
",2009,Comedy
35677,"Straight
",2009,Romantic Comedy
35678,"Aa Dekhen Zara
",2009,"Action, Thriller"
35679,"99
",2009,Comedy
35680,"Ek: The Power of One
",2009,Action Thriller
35681,8 x 10 Tasveer,2009,Thriller
35682,Ek Se Bure Do,2009,Comedy
35683,Pal Pal Dil Ke Saath,2009,Drama
35684,Coffee House,2009,Drama
35685,School Days,2009,
35686,Royal Utsav,2009,Historical Drama
35687,Chowrasta Crossroads of Love,2009,Drama
35688,Meri Padosan,2009,Comedy
35689,Sikandar,2009,Social
35690,Sanam Teri Kasam,2009,"Comedy, Romance"
35691,Team - The Force,2009,Action
35692,Kal Kissne Dekha,2009,"Romance, Drama, Social, Comedy"
35693,Zor Lagaa Ke...Haiya!,2009,
35694,Let's Dance,2009,Romance
35695,Paying Guests,2009,Comedy
35696,New York,2009,"Action Thriller, Romance"
35697,Kambakkht Ishq,2009,"Action, comedy, romance"
35698,Sankat City,2009,Dark comedy
35699,Shortkut,2009,Comedy
35700,Jashnn,2009,Musical
35701,Luck,2009,Action thriller
35702,Love Aaj Kal,2009,Romance
35703,Agyaat,2009,Horror
35704,Chal Chalein,2009,Social
35705,Teree Sang,2009,Drama
35706,Kaminey,2009,Drama
35707,Life Partner,2009,"Comedy, romance"
35708,Phir Kabhi,2009,Romance
35709,Daddy Cool,2009,Comedy
35710,Kisaan,2009,Social
35711,Love Khichdi,2009,Comedy
35712,Quick Gun Murugun,2009,Comedy
35713,Toss,2009,Thriller
35714,Yeh Mera India,2009,Social
35715,"Three: Love, Lies, Betrayal",2009,Thriller
35716,Aagey Se Right,2009,Comedy
35717,Chintu Ji,2009,Comedy
35718,Fox,2009,Drama
35719,Aamras,2009,Drama
35720,Baabarr,2009,Action
35722,Vaada Raha,2009,Romance
35723,Dil Bole Hadippa!,2009,"Romantic comedy, sports"
35724,Wanted,2009,"Action, romance"
35725,Blue Oranges,2009,Thriller
35726,What's Your Raashee?,2009,Romantic comedy
35727,Do Knot Disturb,2009,"Comedy, romance"
35728,Wake Up Sid,2009,Romantic comedy
35729,Acid Factory,2009,Action
35730,All the Best: Fun Begins,2009,Comedy
35731,Blue,2009,Action
35732,Main Aurr Mrs Khanna,2009,"Drama, romance"
35733,Bal Ganesh 2,2009,Animation
35734,Fruit and Nut,2009,Comedy
35735,Love Ka Tadka,2009,Romantic comedy
35736,London Dreams,2009,"Musical, social, drama, romance"
35737,Aladin,2009,Fantasy
35738,Ajab Prem Ki Ghazab Kahani,2009,"Comedy, romance"
35739,Jail,2009,Social
35740,Tum Mile,2009,Romance
35741,Aao Wish Karein,2009,Fantasy
35742,Kurbaan,2009,"Thriller, romance"
35743,Shaabash! You Can Do It,2009,"Comedy, thriller, social"
35744,Marega Salaa,2009,Action
35745,De Dana Dan ,2009,Comedy
35746,"Radio
",2009,Musical
35747,"Paa
",2009,"Drama, family"
35748,"Rocket Singh: Salesman of the Year
",2009,Comedy
35749,"Raat Gayi, Baat Gayi?
",2009,Drama
35750,"3 Idiots
",2009,Comedy
35751,"Accident on Hill Road
",2009,Thriller
35762,Dulha Mil Gaya,2010,Romantic Comedy
35763,Pyaar Impossible!,2010,Romantic Comedy
35764,Chance Pe Dance,2010,"Comedy, Romance"
35765,Veer,2010,Epic film
35766,Ishqiya,2010,"Comedy, Crime, Romance"
35767,Rann,2010,Drama
35768,Road to Sangam,2010,Drama
35769,The Hangman,2010,Drama
35770,Striker,2010,Action
35771,My Name Is Khan,2010,Drama
35772,Sukhmani: Hope for Life,2010,Drama
35773,Aakhari Decision,2010,Action
35774,Click,2010,Horror
35775,Toh Baat Pakki!,2010,Comedy
35776,Karthik Calling Karthik,2010,Thriller
35777,Teen Patti,2010,"Drama, Thriller"
35778,Atithi Tum Kab Jaoge?,2010,Comedy
35779,Hello Zindagi,2010,Drama
35780,"Road, Movie",2010,Drama
35781,Rokkk,2010,Thriller
35782,Thanks Maa,2010,Drama
35783,Do Dilon Ke Khel Mein,2010,Romantic Comedy
35784,Hide & Seek,2010,Thriller
35785,Na Ghar Ke Na Ghaat Ke,2010,Comedy
35786,Right Yaaa Wrong,2010,Action
35787,Trump Card,2010,Action/Thriller
35788,Idiot Box,2010,Drama
35789,Lahore,2010,Sports/Social
35790,Love Sex Aur Dhokha,2010,Found footage
35791,Shaapit,2010,horror
35792,Hum Tum Aur Ghost,2010,Comedy
35793,It's a Man's World,2010,Social
35794,Mittal v/s Mittal,2010,Romance
35795,My Friend Ganesha 3,2010,Animation
35796,Prem Kaa Game,2010,Comedy
35797,Well Done Abba,2010,Social
35798,Pankh,2010,Social
35799,Sadiyaan,2010,Romance
35800,Tum Milo Toh Sahi,2010,Social/Drama
35801,Jaane Kahan Se Aayi Hai,2010,Comedy/Romance/Fantasy
35802,Prince - It's Showtime!,2010,Action/Thriller
35803,The Japanese Wife,2010,Romance
35804,Paathshaala,2010,Social
35805,Phoonk 2,2010,Horror
35806,Apartment,2010,Thriller
35807,Bird Idol,2010,Animation
35808,City of Gold,2010,Social
35809,Kuchh Kariye,2010,
35810,Muskurake Dekh Zara,2010,Romantic Comedy
35811,Chase,2010,Action
35812,Housefull,2010,Comedy
35813,Badmaash Company,2010,Romance/Drama
35814,It's a Wonderful Afterlife,2010,Drama
35815,Admissions Open,2010,Drama
35816,Bumm Bumm Bole,2010,Children/Drama
35817,Kushti,2010,Comedy/Romance
35818,Kites,2010,Thriller/Romance
35819,Raajneeti,2010,Drama/Political Thriller
35820,Ek Second... Jo Zindagi Badal De?,2010,Thriller
35821,Raavan,2010,Action/Romance
35822,Krantiveer - The Revolution,2010,Action
35823,Mr. Singh Mrs. Mehta,2010,Drama
35824,I Hate Luv Storys,2010,Romance
35825,Milenge Milenge,2010,Romance
35826,Red Alert: The War Within,2010,Action
35827,Lamhaa,2010,Action
35828,Tere Bin Laden,2010,Comedy
35829,Udaan,2010,Drama
35830,Khatta Meetha,2010,"Comedy, Drama, Romance"
35831,Once Upon a Time in Mumbaai,2010,"Action, Romance, Thriller, Crime"
35832,Aisha,2010,Romance
35833,Help,2010,Horror
35834,Peepli Live,2010,"Political, Comedy"
35835,Lafangey Parindey,2010,Romance
35836,Mr. Bhatti on Chutti,2010,Comedy
35837,Hello Darling,2010,Comedy
35838,Antardwand,2010,Crime
35839,Aashayein,2010,Drama
35840,Soch Lo,2010,"Mystery, Suspense"
35841,We Are Family,2010,"Drama, Romance"
35842,Mallika,2010,Horror
35843,The Film Emotional Atyachar,2010,Drama
35844,Dabangg,2010,Action
35845,Anjaana Anjaani,2010,Romance
35846,Khichdi: The Movie,2010,Comedy
35847,Crook,2010,Thriller
35848,Do Dooni Chaar,2010,Comedy
35849,Aakrosh,2010,Thriller
35850,Pusher,2010,"Action, Drama"
35851,Knock Out,2010,Action
35852,Kajraare,2010,Romance
35853,Ramayana: The Epic,2010,Animation
35854,Hisss,2010,Horror/Thriller
35855,Jhootha Hi Sahi,2010,Romance
35856,Rakta Charitra,2010,Biographical
35857,Dunno Y... Na Jaane Kyon,2010,Romance
35858,Maalik Ek,2010,"Biographical, Animation"
35859,Nakshatra,2010,Romance
35860,Golmaal 3,2010,Comedy
35861,Action Replayy,2010,Comedy
35862,A Flat,2010,Thriller
35863,Ramaa: The Saviour,2010,"Action, Adventure"
35864,Guzaarish,2010,Romance
35865,"Shahrukh Bola ""Khoobsurat Hai Tu""",2010,Thriller
35866,Diwangi Ne Had Kar Di,2010,Romance / Thriller
35867,Allah Ke Banday,2010,Thriller
35868,Break Ke Baad,2010,Romance
35869,Khuda Kasam,2010,Action
35870,Khelein Hum Jee Jaan Sey,2010,Period
35871,Phas Gaye Re Obama,2010,Comedy / Crime
35872,Rakta Charitra 2,2010,Biographical
35873,Band Baaja Baaraat,2010,Drama Romance
35874,No Problem,2010,Comedy
35875,332 Mumbai to India,2010,Thriller
35876,Payback,2010,Thriller
35877,Kaalo,2010,Horror
35878,Mirch,2010,Drama
35879,Tees Maar Khan,2010,Action comedy
35880,Isi Life Mein...!,2010,Drama
35881,Toonpur Ka Super Hero,2010,Animated
35882,Tera Kya Hoga Johnny,2010,Thriller
35883,Ada... A Way of Life,2010,Drama
35894,No One Killed Jessica,2011,Social thriller
35895,Impatient Vivek,2011,Adult/Comedy/Romance
35896,Yamla Pagla Deewana,2011,Comedy/Drama/Action
35897,Turning 30!!!,2011,Adult/Romance/Comedy
35898,Mumbai Mast Kallander,2011,Comedy/Comedy/Comedy
35899,Odyssey of Persistence,2011,Social
35900,Dhobi Ghat,2011,Drama
35901,Hostel,2011,Social
35902,Dil Toh Baccha Hai Ji,2011,Comedy
35903,Yeh Saali Zindagi,2011,Cult
35904,United Six,2011,Action/Thriller
35905,Utt Pataang,2011,Comedy
35906,Patiala House,2011,Family drama
35907,Angel,2011,Drama
35908,Aashiqui.in,2011,Romance
35909,7 Khoon Maaf,2011,Thriller/Black comedy
35910,Kaccha Limbo,2011,Children
35911,Masti Express,2011,Comedy
35912,Tanu Weds Manu,2011,Romance/Drama
35913,Satrangee Parachute,2011,Family
35914,Yeh Faasley,2011,Drama
35915,Happy Husbands,2011,Comedy
35916,Monica,2011,Drama
35917,Game,2011,Mystery/Action
35918,F.A.L.T.U,2011,Satire/Comedy/Teen film
35919,Memories in March,2011,Drama
35920,Thank You,2011,Comedy
35921,Teen Thay Bhai,2011,Drama
35922,Dum Maaro Dum,2011,Thriller
35923,Zokkomon,2011,Superhero/Children
35924,Shor in the City,2011,Drama/Cult
35925,Chalo Dilli,2011,Comedy Road movie
35926,I Am,2011,Social/Drama
35927,Naughty @ 40,2011,Comedy
35928,Luv Ka The End,2011,Teen/Comedy
35929,Haunted � 3D,2011,Horror
35930,Love U...Mr. Kalakaar!,2011,Romance/Comedy
35931,Ragini MMS,2011,Horror/Romance
35932,Shagird,2011,Action/Drama
35933,Stanley Ka Dabba,2011,Children
35934,404,2011,Psychological thriller
35935,Pyaar Ka Punchnama,2011,Romance/Comedy
35936,Kucch Luv Jaisaa,2011,Drama/Comedy
35937,Ready,2011,Comedy
35938,Shaitan,2011,Drama/Thriller
35939,Bheja Fry 2,2011,Comedy
35940,Always Kabhi Kabhi,2011,Romance/Teen
35941,Bhindi Baazaar Inc.,2011,Thriller
35942,Bin Bulaye Baraati,2011,Crime
35943,Double Dhamaal,2011,Comedy
35945,Bbuddah... Hoga Terra Baap,2011,Action
35946,Delhi Belly,2011,Action/Comedy
35947,Murder 2,2011,Psychological thriller
35948,Chillar Party,2011,Children
35949,Zindagi Na Milegi Dobara,2011,Romance/Road
35950,Singham,2011,Action
35951,Khap,2011,Social
35952,Gandhi to Hitler,2011,Biographical
35953,Bubble Gum,2011,Drama
35954,Chala Mussaddi... Office Office,2011,Comedy/Social
35955,I Am Kalam,2011,Drama
35956,Milta Hai Chance By Chance,2011,Comedy/Romance
35957,Warning,2011,Horror
35958,Aarakshan,2011,Social
35959,Phhir,2011,Thriller
35960,Chatur Singh Two Star,2011,Comedy
35961,Not a Love Story,2011,Crime
35962,Sahi Dhandhe Galat Bande,2011,Comedy
35963,Chitkabrey � Shades of Grey,2011,Social
35964,Shabri,2011,Action
35965,Yeh Dooriyan,2011,Romance
35966,Bodyguard,2011,Romance/Action
35967,Mummy Punjabi,2011,Comedy
35968,That Girl in Yellow Boots,2011,Social
35969,Mere Brother Ki Dulhan,2011,Romance/Comedy
35970,Rivaaz,2011,Social
35971,Mausam,2011,Romance
35972,Speedy Singhs,2011,Drama
35973,U R My Jaan,2011,Romance
35974,Force,2011,Action
35975,Hum Tum Shabana,2011,Romance/Comedy
35976,"Saheb, Biwi Aur Gangster",2011,Action/Thriller
35977,Tere Mere Phere,2011,Romantic/Comedy
35978,Chargesheet,2011,Drama/Thriller
35979,Na Jaane Kabse hum hi,2011,Romance
35980,Rascals,2011,Comedy/Action
35981,Love Breakups Zindagi,2011,Romantic
35982,Mujhse Fraaandship Karoge,2011,Comedy/Romance
35983,My Friend Pinto,2011,Romance Comedy Crime
35984,Aazaan,2011,Action/Thriller
35985,Ra.One,2011,Action/Sci-Fi
35986,Tell Me O Kkhuda,2011,Drama
35987,Damadamm!,2011,Comedy
35988,Loot,2011,Comedy
35989,Miley Naa Miley Hum,2011,Romance/Drama
35990,Rockstar,2011,Romance/Drama
35991,Shakal Pe Mat Ja,2011,Comedy
35992,Desi Boyz,2011,Comedy
35993,The Dirty Picture,2011,Drama
35994,Ladies vs Ricky Bahl,2011,Comedy
35995,Jo Hum Chahein,2011,Romance/Drama
35996,Don 2,2011,Action/thriller
36007,Players,2012,Action/Thriller
36008,Chaalis Chauraasi 4084,2012,Comedy/Crime
36009,Ghost,2012,Adult/Horror
36010,Sadda Adda,2012,Comedy
36011,Agneepath,2012,Action/Drama
36012,Gali Gali Chor Hai,2012,Drama
36013,Staying Alive,2012,Social
36014,Love You To Death,2012,Comedy
36015,Ek Main Aur Ekk Tu,2012,Romance/Comedy
36016,Valentine's Night,2012,Adult/Romance/Thriller
36017,Ekk Deewana Tha,2012,Romance
36018,?: A Question Mark,2012,Adult/Horror
36019,Married 2 America,2012,Drama
36020,Jodi Breakers,2012,Romance
36021,Tere Naal Love Ho Gaya,2012,Romance/Comedy
36022,"London, Paris, New York",2012,Romance
36023,Paan Singh Tomar,2012,Crime
36024,Will You Marry Me?,2012,Romance
36025,Kahaani,2012,Drama/Thriller
36026,Chaar Din Ki Chandni,2012,Comedy
36027,Say Yes to Love,2012,Romance
36028,Akkad Bakkkad Bam Be Bo,2012,Romance
36029,Zindagi Tere Naam,2012,Romance
36030,Blood Money,2012,Thriller
36031,Agent Vinod,2012,Suspense/Thriller
36032,Bumboo,2012,Comedy
36033,Housefull 2,2012,Action Comedy
36034,Bittoo Boss,2012,Comedy
36035,Vicky Donor,2012,Comedy
36036,Ab Hoga Dharna Unlimited,2012,Drama
36037,Hate Story,2012,Adult/Thriller
36038,Chhodo Kal Ki Baatein,2012,Comedy
36039,Tezz,2012,Action
36040,Life Ki Toh Lag Gayi,2012,Comedy
36041,Jannat 2,2012,Crime/Thriller
36042,Fatso!,2012,Comedy
36043,The Forest,2012,Horror
36044,"Love, Lies & Seeta",2012,Comedy
36045,Dangerous Ishq,2012,Romance/Thriller
36046,Chhota Bheem And The Curse Of Damyaan,2012,Animation
36047,Ishaqzaade,2012,Romance
36048,Department,2012,Adult/Action/Crime
36050,Arjun: The Warrior Prince,2012,Computer-Animated
36051,MLA,2012,Crime
36052,Rakhtbeej,2012,Romantic Comedy
36053,Yeh Khula Aasmaan,2012,Romantic
36054,"Love, Wrinkle-free",2012,Adult/Romantic
36055,Rowdy Rathore,2012,Action/comedy
36056,Shanghai,2012,Political/Thriller
36057,Qasam Se Qasam Se,2012,Romance
36058,Ferrari Ki Sawaari,2012,Drama/Comedy
36059,Teri Meri Kahaani,2012,Romance/Comedy
36060,Gangs of Wasseypur,2012,Adult/Crime/Thriller
36061,Maximum,2012,Thriller
36062,Bol Bachchan,2012,Comedy/Action
36063,3 Bachelors,2012,Comedy
36064,Cocktail,2012,Romance
36065,Gattu,2012,Children
36066,Challo Driver,2012,Comedy
36067,Mere Dost Picture Abhi Baki Hai,2012,Comedy
36068,Kyaa Super Kool Hain Hum,2012,Adult/Comedy
36069,Aalaap,2012,Social
36070,Overtime,2012,Drama
36071,Jism 2,2012,Adult/Thriller
36072,Krishna Aur Kans ,2012,Computer-Animated
36073,Gangs of Wasseypur � Part 2,2012,Adult/Crime/Thriller
36074,Paanch Ghantey Mien Paanch Crore,2012,Thriller
36075,Ek Tha Tiger,2012,Romance/Action
36076,Shirin Farhad Ki Toh Nikal Padi,2012,Romance/Comedy
36077,Joker,2012,Drama
36078,Jalpari: The Desert Mermaid,2012,Thriller/Social
36079,From Sydney with Love,2012,Romantic
36080,I M 24,2012,Comedy
36081,Raaz 3: The Third Dimension,2012,Adult/Suspense/Thriller
36082,Chal Pichchur Banate Hain,2012,Comedy
36083,Barfi!,2012,Romance/Comedy
36084,Jeena Hai Toh Thok Daal,2012,Drama
36085,Heroine,2012,Adult/Drama
36086,Kamaal Dhamaal Malamaal,2012,Comedy
36087,OMG � Oh My God!,2012,Comedy
36088,English Vinglish,2012,Drama
36089,Kismet Love Paisa Dilli,2012,Comedy
36090,Aiyyaa,2012,Rom-Com
36091,Login,2012,Drama/Thriller
36092,Chittagong,2012,Drama
36093,Delhi Safari,2012,Computer Animated
36094,Bhoot Returns,2012,Horror
36095,Student of the Year,2012,Romance/Comedy
36096,Chakravyuh,2012,Political Thriller
36097,Ajab Gazabb Love,2012,Comedy
36098,Rush,2012,Thriller/Crime
36099,Luv Shuv Tey Chicken Khurana,2012,Comedy
36100,1920: The Evil Returns,2012,Horror
36101,Ata Pata Laapata,2012,Musical Comedy
36102,Sons of Ram,2012,Animation/Drama/Children
36103,Future To Bright Hai Ji,2012,Drama
36104,Jab Tak Hai Jaan,2012,"Romance, Drama"
36105,Son Of Sardaar,2012,Comedy
36106,Talaash: The Answer Lies Within,2012,Drama/Suspense
36107,Khiladi 786,2012,Action/Comedy
36108,Cigarette Ki Tarah,2012,Drama/Thriller
36109,Dabangg 2,2012,Action/Comedy
36120,Table No. 21,2013,Thriller/Drama
36121,Dehraadun Diary,2013,Thriller
36122,Meri Shadi Karao,2013,Comedy
36123,Matru Ki Bijlee Ka Mandola,2013,Comedy
36124,Pyaar Mein Aisa Hota Hai,2013,Thriller
36125,Gangoobai,2013,Drama
36126,Inkaar,2013,Romance/Crime
36127,Mumbai Mirror,2013,Action
36128,Bandook,2013,Crime
36129,Race 2,2013,Action/Thriller
36130,Akaash Vani,2013,Romance
36131,Main Krishna Hoon,2013,Animation/Musical
36132,David,2013,Crime
36133,Vishwaroopam,2013,Action
36134,Mai...,2013,Drama/Family
36135,Listen... Amaya,2013,Drama
36136,Special 26,2013,Drama/Comedy
36137,"ABCD: Any Body Can Dance
",2013,Drama/Dance
36138,The Unsound,2013,Thriller
36139,Jayantabhai Ki Luv Story,2013,Comedy/Romance
36140,Murder 3,2013,Thriller
36141,Kai Po Che!,2013,Drama
36142,Zila Ghaziabad,2013,Action
36143,"I, Me Aur Main",2013,Romantic comedy
36144,Bloody Isshq,2013,Romance/Thriller
36145,"Saheb, Biwi Aur Gangster Returns",2013,Drama/Thriller
36146,Saare Jahaan Se Mehnga,2013,Satire/Comedy
36147,3G,2013,Thriller
36148,Mere Dad Ki Maruti,2013,Comedy
36149,Jolly LLB,2013,Comedy/Satire
36150,Rangrezz,2013,Action
36151,The Adventures of Sinbad,2013,Adventure
36152,Himmatwala,2013,Action/Comedy
36153,Chashme Baddoor,2013,Comedy
36154,Nautanki Saala,2013,Comedy/Romance
36155,Commando: A One Man Army,2013,Action/Romance
36156,Ek Thi Daayan,2013,Horror
36157,Aashiqui 2,2013,Musical romance
36158,Shree,2013,Thriller
36159,Shootout at Wadala,2013,Crime/Thriller
36160,Bombay Talkies,2013,Anthology
36161,Chhota Bheem and the Throne of Bali,2013,Children/Animation
36162,Go Goa Gone,2013,Zombie comedy
36163,Gippi,2013,Coming of age
36164,Aurangzeb,2013,Drama/Action
36165,I Don't Luv U,2013,Romantic drama
36166,Beehad - The Ravines,2013,Drama
36167,Ishkq in Paris,2013,Romance
36168,Hum Hai Raahi Car Ke,2013,Romantic comedy
36169,Zindagi 50-50,2013,Social
36170,Yeh Jawaani Hai Deewani,2013,Romantic comedy
36171,Yamla Pagla Deewana 2,2013,Comedy/Action
36172,Fukrey,2013,Comedy
36173,Ankur Arora Murder Case,2013,Thriller
36174,Raanjhanaa,2013,Romance
36175,Enemmy,2013,Action
36176,Shortcut Romeo,2013,Romantic thriller
36177,Ghanchakkar,2013,Comedy/Thriller
36178,Lootera,2013,Romance/Thriller
36179,Policegiri,2013,Action
36180,Bhaag Milkha Bhaag,2013,Biopic
36181,Sixteen,2013,Drama
36182,B.A. Pass,2013,Drama
36183,Boyss Toh Boyss Hain,2013,Comedy
36184,Ramaiya Vastavaiya,2013,Rom-com
36185,D Day,2013,Action/Drama
36186,Ship of Theseus,2013,Avant-garde
36187,Issaq,2013,Romance/Drama
36188,Bajatey Raho,2013,Comedy
36189,Luv U Soniyo,2013,Romance
36190,Nasha,2013,Erotic/Thriller
36191,Rabba Main Kya Karoon,2013,Comedy
36192,Chor Chor Super Chor,2013,Comedy
36193,Calapor,2013,Thriller/Drama
36194,Love in Bombay,2013,Romance
36195,Chennai Express,2013,Comedy/Action
36196,Once Upon Ay Time In Mumbai Dobaara!,2013,Crime/Romance
36197,Madras Cafe,2013,Drama/Espionage thriller
36198,Satyagraha,2013,Political thriller
36199,Zanjeer,2013,Action/Thriller
36200,Shuddh Desi Romance,2013,Romance
36201,Siddharth,2013,Drama
36202,Grand Masti,2013,Adult comedy
36203,John Day,2013,Thriller
36204,Horror Story,2013,Horror
36205,Phata Poster Nikhla Hero,2013,Rom com/Action
36206,The Lunchbox,2013,Drama
36208,Maazii,2013,Suspense thriller
36209,Prague,2013,Psychological thriller/Romance
36210,Super Model,2013,Drama
36211,War Chhod Na Yaar,2013,War comedy
36212,Baat Bann Gayi,2013,Comedy
36213,Ek Thee Sanam,2013,Drama
36214,Paapi - Ek Satya Katha,2013,Crime
36215,Boss,2013,Masala
36216,Shahid,2013,Drama/Biography
36217,Wake Up India,2013,Political/Drama
36218,Amdavad Junction,2013,Crime/Drama
36219,Dilli Gang,2013,Crime
36220,Mickey Virus,2013,Comedy/Thriller
36221,Ishk Actually,2013,Romance
36222,Sooper Se Ooper,2013,Comedy
36223,Krrish 3,2013,Superhero
36224,Satya 2,2013,Crime
36225,Rajjo,2013,Romance
36226,Goliyon Ki Raasleela Ram-Leela,2013,Romance/Drama
36227,Gori Tere Pyaar Mein,2013,Romance/Comedy
36228,Singh Saab The Great,2013,Action
36229,Bullett Raja,2013,Comedy/Crime/Romance
36230,R... Rajkumar,2013,Action/Romance
36232,What the Fish,2013,Drama
36233,Dhoom 3,2013,Action
36244,Mr Joe B. Carvalho,2014,Comedy
36245,Sholay 3D,2014,Action/Adventure
36246,Dedh Ishqiya,2014,Black Comedy/Thriller
36247,Yaariyan,2014,Romance
36248,Karle Pyaar Karle,2014,Romance
36249,Miss Lovely,2014,Drama
36250,Om-Dar-B-Dar,2014,Experimental
36251,Paranthe Wali Gali,2014,Romantic comedy
36252,Strings of Passion,2014,Drama
36253,Jai Ho,2014,Action - comedy
36254,One by Two,2014,Romance/Comedy
36255,Babloo Happy Hai,2014,Comedy
36256,Hasee Toh Phasee,2014,Romance/Comedy
36257,Heartless,2014,Thriller
36258,Ya Rab,2014,Drama/Social
36259,Gunday,2014,Action
36260,Kaho Na Kaho,2014,Social
36261,Darr @ the Mall,2014,Horror
36262,Dee Saturday Night,2014,Drama
36263,Gulabi Gang,2014,Documentary
36264,Highway,2014,Drama/Romance
36265,Karar: The Deal,2014,Thriller
36266,Pyar Ka Live Show,2014,Drama
36267,The Dark Secrets Of Tonhi,2014,Drama/Action
36268,Anuradha,2014,Drama
36269,Shaadi Ke Side Effects,2014,Romance/Comedy
36270,Gulaab Gang,2014,Social/Action
36271,Queen,2014,Romance/Drama
36272,Total Siyapaa,2014,Drama/Comedy
36273,Bewakoofiyaan,2014,Romance
36274,Neighbours,2014,Horror
36275,W,2014,Thriller
36276,Ankhon Dekhi,2014,Comedy
36277,Gang of Ghosts,2014,Horror Comedy
36278,Lakshmi,2014,Drama
36279,Ragini MMS 2,2014,Horror/Adult
36280,Dishkiyaoon,2014,Action
36281,O Teri,2014,Comedy
36282,Station,2014,Thriller
36283,Youngistaan,2014,Drama
36284,Ebn-E-Batuta,2014,Sci-fi/Comedy
36285,Honour Killing,2014,Social
36286,Jal,2014,Drama/Fantasy
36287,Main Tera Hero,2014,Comedy
36288,Bhoothnath Returns,2014,Fantasy/Children
36289,2 States,2014,Romance
36290,Dekh Tamasha Dekh,2014,Comedy
36291,Lucky Kabootar,2014,Romance/Comedy
36292,Kaanchi: The Unbreakable,2014,Musical/Drama
36293,Revolver Rani,2014,Drama
36294,Samrat & Co.,2014,Mystery/Thriller/Drama
36295,Purani Jeans,2014,Romance/Drama
36296,Kya Dilli Kya Lahore,2014,Social
36297,Angry Young Man,2014,Action
36298,Kahin Hai Mera Pyar,2014,Romance
36299,Hawaa Hawaai,2014,Drama
36300,Khwaabb,2014,Romance/Drama
36301,Koyelaanchal,2014,Action
36302,Manjunath,2014,Drama
36303,Mastram,2014,Adult
36304,Yeh Hai Bakrapur,2014,Comedy
36305,The Xpos�,2014,Thriller
36306,Children of War,2014,Drama
36307,M3 - Midsummer Midnight Mumbai,2014,Mystery
36308,Heropanti,2014,Romance/Action
36309,CityLights,2014,Drama
36310,Kuku Mathur Ki Jhand Ho Gayi,2014,Comedy
36311,Filmistaan,2014,Comedy
36312,Holiday: A Soldier Is Never Off Duty,2014,Action/Thriller
36313,Fugly,2014,Comedy/Drama
36314,Machhli Jal Ki Rani Hai,2014,Horror
36315,Humshakals,2014,Comedy/Drama/Romance
36316,Ek Villain,2014,Romance/Thriller
36317,Bobby Jasoos,2014,Comedy/Drama
36318,Lekar Hum Deewana Dil,2014,Romance/Comedy
36319,Humpty Sharma Ki Dulhania,2014,Romance/Comedy
36320,Hate Story 2,2014,Thriller
36321,Bazaar-E-Husn,2014,Drama
36322,Riyasat,2014,Drama/Action
36323,Amit Sahni Ki List,2014,Romance/Comedy
36324,Pizza,2014,Horror
36325,Kick,2014,Action/Comedy
36326,Entertainment,2014,Comedy
36327,Singham Returns,2014,Action
36328,Life is Beautiful!,2014,Romance
36329,Mad About Dance,2014,Dance
36330,Mardaani,2014,Drama/Action
36331,Mumbhai Connection,2014,Comedy
36332,Raja Natwarlal,2014,Thriller
36333,Mary Kom,2014,Drama
36334,Creature,2014,Horror
36335,Finding Fanny,2014,Comedy/Drama
36336,Daawat-e-Ishq,2014,Comedy/Drama
36337,Khoobsurat,2014,Romance/Comedy
36338,3 A.M.,2014,Horror
36339,Chaarfutiya Chhokare,2014,Thriller
36340,Desi Kattey,2014,Drama/Action
36341,Meinu Ek Ladki Chaahiye,2014,Social satire
36342,Balwinder Singh Famous Ho Gaya,2014,Comedy
36343,Bang Bang!,2014,Action
36344,Haider,2014,Drama
36345,Spark,2014,Drama
36346,Jigariyaa,2014,Romance
36347,Ekkees Toppon Ki Salaami,2014,Political Satire
36348,Tamanchey,2014,Crime/Romance
36349,Mumbai 125 KM,2014,Horror
36350,Sonali Cable,2014,Comedy/Drama
36351,Happy New Year,2014,Action/Comedy
36352,Fireflies,2014,Drama
36353,Roar: Tigers of the Sunderbans,2014,Drama/Action
36354,Super Nani,2014,Drama
36355,Rang Rasiya,2014,Drama
36356,A Decent Arrangement,2014,Drama
36357,The Shaukeens,2014,Comedy
36358,6 - 5 = 2,2014,Found footage / Horror
36359,Kill Dil,2014,Romance/Drama
36360,Gollu Aur Pappu,2014,Comedy
36361,Happy Ending,2014,Romance/Comedy
36362,Titoo MBA,2014,Romance/Comedy
36363,Wah Taj,2014,Drama
36364,Hum Hai Teen Khurafaati,2014,Comedy
36365,Ungli,2014,Drama
36366,Zed Plus,2014,Drama
36367,Zid,2014,Erotica/Thriller
36368,Action Jackson,2014,Comedy
36369,Bhopal: A Prayer for Rain,2014,Drama
36370,Mumbai Delhi Mumbai,2014,Drama
36371,Sulemani Keeda,2014,Social/Drama
36372,Badlapur Boys,2014,Sports
36373,Life Mein Twist Hai,2014,Drama/Romance
36374,LUV...Phir Kabhie,2014,Drama
36375,Main Aur Mr. Riight,2014,Comedy/Romance
36376,Objection My God,2014,Comedy
36377,Room - The Mystery,2014,Suspense/Thriller
36378,PK,2014,Comedy/Drama
36379,Ugly,2014,Thriller
36390,International Hero,2015,Drama
36391,Mumbai Can Dance Saala,2015,Thriller
36392,Take It Easy,2015,Drama
36393,Tevar,2015,Action/romance
36394,Alone,2015,Horror
36395,Crazy Cukkad Family,2015,Comedy
36396,Sharafat Gayi Tel Lene,2015,Comedy/thriller
36397,Baby,2015,Thriller
36398,Dolly Ki Doli,2015,Romantic/comedy
36399,Chal Guru Ho Ja Shuru,2015,Comedy
36400,Hawaizaada,2015,Drama
36401,Khamoshiyan: Silences Have Secrets,2015,Horror
36402,Rahasya,2015,Mystery
36403,Jai Jawaan Jai Kisaan,2015,Drama
36404,Shamitabh,2015,Drama
36405,MSG: The Messenger,2015,Action/drama
36406,Roy,2015,Romance/thriller
36407,Badlapur,2015,Action/thriller
36408,Qissa,2015,Historical drama
36409,Ab Tak Chhappan 2,2015,Crime/drama
36410,Dum Laga Ke Haisha,2015,Comedy
36411,Badmashiyaan,2015,Romantic comedy
36412,Coffee Bloom,2015,Romance/drama
36413,Dirty Politics,2015,Political drama
36414,Hey Bro,2015,Comedy
36415,NH10,2015,Thriller
36416,Dilliwali Zaalim Girlfriend,2015,Comedy
36417,Hunterrr,2015,Comedy
36418,Barkhaa,2015,Romance
36419,Detective Byomkesh Bakshy,2015,Thriller
36420,Luckhnowi Ishq,2015,Romance
36421,Dharam Sankat Mein,2015,Drama
36422,Ek Paheli Leela,2015,Musical
36423,Court,2015,Drama
36424,Margarita with a Straw,2015,Drama
36425,Mr. X,2015,Sci fi/thriller
36426,NH-8 Road to Nidhivan,2015,Horror
36427,"Ek Adbhut Dakshina Guru Dakshina
",2015,Dance/drama
36428,Ishq Ke Parindey,2015,Romance
36429,Kaagaz Ke Fools,2015,Comedy
36430,Gabbar is Back,2015,Crime/action
36431,Sabki Bajegi Band,2015,Thriller/drama
36432,Kuch Kuch Locha Hai,2015,Comedy
36433,Piku,2015,Comedy/drama
36434,Bombay Velvet,2015,Crime/drama
36435,Main Hoon Rajinikanth,2015,"Spoof, comedy, thriller"
36436,Tanu Weds Manu Returns,2015,Romance/comedy
36437,I Love Desi,2015,Comedy
36438,Ishqedarriyaan,2015,Drama
36439,P Se PM Tak,2015,Comedy
36440,Welcome 2 Karachi,2015,Comedy
36441,Dil Dhadakne Do,2015,Drama
36442,Mere Genie Uncle 3D,2015,Drama
36443,Hamari Adhuri Kahani,2015,Romance/drama
36444,ABCD 2,2015,Dance
36445,Miss Tanakpur Haazir Ho ,2015,Comedy/drama
36446,Uvaa,2015,Social/comedy
36447,Bezubaan Ishq,2015,Romance
36448,Guddu Rangeela,2015,Comedy
36449,Second Hand Husband,2015,Drama
36450,I Love NY,2015,Romance/drama
36451,Thoda Lutf Thoda Ishq,2015,Romance/drama
36452,Bajrangi Bhaijaan,2015,"Action, comedy, drama"
36453,Aisa Yeh Jahaan,2015,Drama
36454,Masaan,2015,Drama
36455,Drishyam,2015,Drama/thriller
36456,Bangistan,2015,Comedy
36457,Brothers,2015,Drama
36458,Gour Hari Dastaan,2015,Drama
36459,All Is Well,2015,Drama
36460,Manjhi - The Mountain Man,2015,Drama
36461,Rolling Dream,2015,Drama
36462,Kaun Kitney Paani Mein,2015,Social/drama
36463,Phantom,2015,Action/thriller
36464,Welcome Back,2015,Romance/comedy
36465,Hero,2015,Action/romance
36466,Sorry Daddy,2015,Action/drama
36467,Katti Batti,2015,Romance/comedy
36468,Meeruthiya Gangster,2015,Crime/comedy
36469,MSG-2:The Messenger,2015,Action/thriller
36470,Kis Kisko Pyaar Karoon,2015,Comedy
36471,Calendar Girls,2015,Drama
36472,Bhaag Johnny,2015,Drama
36473,Time Out,2015,Drama
36474,Mumbhaii - The Gangster,2015,Crime/Drama
36475,Singh Is Bliing,2015,Comedy
36476,Talvar,2015,Thriller
36477,Jazbaa,2015,Action/drama
36478,Bumper Draw,2015,Comedy
36479,Chinar Daastaan-E-Ishq,2015,Romantic/drama
36480,Pyaar Ka Punchnama 2,2015,Comedy
36481,Wedding Pullav,2015,Comedy
36482,Shaandaar,2015,Romance/comedy
36483,Titli,2015,Crime
36484,Main Aur Charles,2015,Thriller
36485,Once Upon A Time In Bihar,2015,Political
36486,"Guddu Ki Gun
",2015,Comedy
36487,Love Exchange,2015,Romance
36488,Prithipal Singh... A Story,2015,Biopic
36489,Four Pillars of Basement,2015,Thriller
36490,Charlie Kay Chakkar Mein,2015,Crime/thriller
36491,Yaara Silly Silly,2015,Romance
36492,"Ranbanka
",2015,Action
36493,Prem Ratan Dhan Payo,2015,Romance
36494,X,2015,Anthology
36495,Angry Indian Goddesses,2015,Drama
36496,Tamasha,2015,Romance
36497,Hate Story 3,2015,Adult/thriller
36498,Kajarya,2015,Drama
36499,The Silent Heroes,2015,Adventure
36500,Bajirao Mastani,2015,Romance
36501,Dilwale,2015,Action/romance
36502,Monsoon Shootout,2016,Neo-noir
36503,Wazir,2016,Thriller
36504,Chalk n Duster,2016,Drama
36505,Rebellious Flower,2016,Biopic
36506,Airlift,2016,War/Thriller
36507,Jugni,2016,Musical drama
36508,Kyaa Kool Hain Hum 3,2016,Adult comedy
36509,Saala Khadoos,2016,Sports
36510,Mastizaade,2016,Adult comedy
36512,Ghayal Once Again,2016,Action/drama
36513,Fitoor,2016,Romance/drama
36514,Sanam Re,2016,Romance
36515,Direct Ishq,2016,Drama
36516,Ishq Forever,2016,Drama
36517,LoveShhuda,2016,Romance
36518,Neerja,2016,Biopic/drama
36519,Dhara 302,2016,Actiom/drama
36520,"Aligarh
",2016,Biopic/drama
36521,Bollywood Diaries,2016,Drama
36522,Love Shagun,2016,Romance/comedy
36523,Tere Bin Laden: Dead or Alive,2016,Comedy
36524,Zubaan,2016,Drama
36525,Jai Gangaajal,2016,Drama/comedy
36526,Global Baba,2016,Satire
36527,Teraa Surroor,2016,Action/thriller/romance
36528,OK Mein Dhokhe,2016,Drama/thriller
36529,Kapoor & Sons,2016,Drama/comedy
36530,Rocky Handsome,2016,Action
36560,Ki & Ka,2016,Romantic comedy
36561,Love Games,2016,Thriller
36562,The Blueberry Hunt,2016,Thriller
36563,Kaafiron Ki Namaaz,2016,Drama
36564,Fan,2016,Action/drama/thriller
36565,Nil Battey Sannata,2016,Comedy/drama
36566,Laal Rang,2016,Action
36567,Santa Banta Pvt Ltd,2016,Comedy
36569,Shortcut Safari,2016,"Adventure, drama"
36570,One Night Stand,2016,Thriller
36571,Traffic,2016,Thriller
36572,1920 London,2016,Horror
36573,Murari the Mad Gentleman,2016,Comedy
36574,Azhar,2016,Biopic
36575,Buddha in a Traffic Jam,2016,Political drama
36576,Khel Toh Ab Shuru Hoga,2016,Comedy
36577,Dear Dad,2016,Drama
36578,Kaptaan,2016,Comedy
36579,Sarbjit,2016,Biopic
36580,Phobia,2016,Thriller/horror
36581,Veerappan,2016,Action/biopic
36582,Fredrick,2016,Action
36583,Waiting,2016,Drama
36584,Housefull 3,2016,Comedy
36585,Do Lafzon Ki Kahani,2016,Romantic
36586,Dhanak,2016,Drama
36587,Te3n,2016,Thriller
36588,Udta Punjab,2016,Crime
36589,Luv U Alia,2016,Romance
36590,Raman Raghav 2.0,2016,Crime/thriller
36591,Junooniyat,2016,Romance
36592,7 Hours To Go,2016,Crime/thriller
36593,A Scandall,2016,Adult
36594,Rough Book,2016,Drama
36595,Shorgul,2016,Political drama
36596,Dil Toh Deewana Hai,2016,Comedy/romance
36597,Sultan,2016,Sports/drama
36598,Brahman Naman,2016,Comedy
36599,Great Grand Masti,2016,Sex comedy/horror
36600,Madaari,2016,Drama
36601,Ishq Click,2016,Romance/drama
36602,M Cream,2016,Road movie
36603,Dishoom,2016,Action
36604,Love Ke Funday,2016,Comedy
36605,The Legend of Michael Mishra,2016,Romance/drama
36606,Fever,2016,Thriller
36607,Hai Apna Dil Toh Awara,2016,Comedy/Romance
36608,Mohenjo Daro,2016,Period drama
36609,Rustom,2016,Romance/thriller
36610,Happy Bhaag Jayegi,2016,Comedy
36611,Waarrior Savitri,2016,Action
36612,A Flying Jatt,2016,Superhero/Action/comedy
36613,Akira,2016,Action/drama
36614,Yea Toh Two Much Ho Gayaa,2016,Action/drama
36615,Island City,2016,Drama
36616,Baar Baar Dekho,2016,Drama/Romance
36617,Freaky Ali,2016,Comedy/sports
36618,Ek Kahani Julie Ki,2016,Thriller
36619,Raaz Reboot,2016,Horror
36620,Pink,2016,Drama
36621,Parched,2016,Drama
36622,Banjo,2016,Comedy/drama
36623,Days of Tafree,2016,Comedy
36625,M.S. Dhoni: The Untold Story,2016,Biopic/sports
36626,Mirzya,2016,Drama/romance
36627,"MSG: The Warrior Lion Heart
",2016,Adventure
36628,Tutak Tutak Tutiya,2016,Supernatural comedy
36629,Anna ,2016,Biographical
36630,Motu Patlu: King Of Kings,2016,Animation/comedy/adventure
36631,Beiimaan Love,2016,Thriller
36632,Saat Uchakkey,2016,Comedy
36633,Fuddu,2016,Drama
36634,Aakhir Kab Tak,2016,Social drama
36635,[LOVE DAY pyaar Ka din],2016,Comedy thriller
36636,Umrika,2016,Drama
36637,31st October,2016,Drama/thriller
36638,Shivaay,2016,Drama/action
36639,Ae Dil Hai Mushkil,2016,Drama
36640,Chaar Sahibzaade: Rise of Banda Singh Bahadur,2016,Animation
36641,Dongari Ka Raja,2016,Action/thriller
36642,Ishq Junoon,2016,Romantic/erotic
36643,Rock On 2,2016,Drama
36644,Tum Bin 2,2016,Romance
36645,Force 2,2016,Action
36646,"Dear Zindagi
",2016,Drama
36647,Saansein,2016,Romantic/horror
36648,"Moh Maya Money
",2016,Crime drama
36649,Kahaani 2,2016,Thriller
36650,Befikre,2016,Romance
36651,Wajah Tum Ho,2016,Romance/drama
36652,Dangal,2016,Biopic
36653,Haraamkhor,2017,Comedy/Crime
36654,Ok Jaanu,2017,Romance/Drama
36655,Coffee with D,2017,Comedy/crime
36656,Kaabil,2017,Action/thriller
36657,Raees,2017,Crime/action
36658,Hind Ka Napak Ko Jawab: MSG Lion Heart 2,2017,Action/drama
36659,Jolly LLB 2,2017,Drama
36660,"U, Me Aur Ghar",2017,Romance/Drama
36661,Runningshaadi.com,2017,Comedy
36662,The Ghazi Attack,2017,Action
36663,Irada,2017,Thriller/drama
36664,Chauhar,2017,Romance
36665,Rangoon,2017,War/drama
36666,Wedding Anniversary,2017,Romance/thriller
36667,Mona Darling,2017,Thriller
36668,Commando 2,2017,Action
36669,Jeena Isi Ka Naam Hai,2017,Romance/drama
36670,Badrinath Ki Dulhania,2017,Romance/comedy
36671,Aa Gaya Hero,2017,Action/comedy
36672,Trapped,2017,Drama/Thriller
36673,Mantra,2017,Drama/Family
36674,Machine,2017,Romance/thriller
36675,Phillauri,2017,Romance/comedy
36676,Bhanwarey,2017,Comedy
36677,Anaarkali,2017,Drama
36678,Naam Shabana,2017,Action/thriller
36679,Poorna: Courage Has No Limit,2017,Adventure
36680,Laali Ki Shaadi Mein Laaddoo Deewana,2017,Romance/drama
36681,Mirza Juuliet,2017,Romance/action
36682,Mukti Bhawan,2017,Drama
36684,Begum Jaan,2017,Period drama
36685,Romeo-N-Bullet,2017,Romance
36686,Noor,2017,Comedy/drama
36687,Ek Thi Rani Aisi Bhi,2017,Biopic
36688,Maatr,2017,Thriller/drama
36689,Ajab Singh Ki Gajab Kahani,2017,Thriller/drama
36690,Mantostaan,2017,Anthology/drama
36691,Meri Pyaari Bindu,2017,Romance
36692,Sarkar 3,2017,Political crime thriller
36693,Half Girlfriend,2017,Romance/drama
36694,Jattu Engineer,2017,Comedy
36695,Hindi Medium,2017,Comedy/drama
36696,Chakallaspur,2017,Romance/drama
36697,Sachin: A Billion Dreams,2017,Biopic
36698,Thodi Thodi Si Manmaaniyan,2017,Romance/drama
36699,A Death in the Gunj,2017,Crime/drama
36700,Hanuman: Da' Damdaar,2017,Animation
36701,Sweetiee Weds NRI,2017,Romance/comedy
36702,Dobaara: See Your Evil,2017,Horror
36703,Flat 211,2017,Suspense/Mystery
36704,Dear Maya,2017,Thriller/drama
36705,Raabta,2017,Romance/thriller
36706,Behen Hogi Teri,2017,Romance/comedy
36708,Love You Family,2017,Drama
36709,G Kutta Se,2017,Drama
36710,Bank Chor,2017,Comedy/Thriller
36711,Tubelight,2017,Action/drama
36712,Ek Haseena Thi Ek Deewana Tha,2017,Romance
36713,Mom,2017,Thriller/drama
36714,Guest Iin London,2017,Comedy
36715,Jagga Jasoos,2017,Comedy/romance
36716,Shab,2017,Drama
36717,Lipstick Under My Burkha,2017,Sex/drama
36718,Munna Michael,2017,Action/romance
36719,Raag Desh�: Birth Of A Nation,2017,Period drama/action
36720,Indu Sarkar,2017,Drama
36721,Mubarakan,2017,Comedy/romance
36722,Gurgaon,2017,Neo-noir
36723,Jab Harry Met Sejal,2017,Romance
36724,Toilet: Ek Prem Katha,2017,Comedy/drama
36725,Partition: 1947,2017,Drama
36726,Bareilly Ki Barfi,2017,Comedy/romance
36727,A Gentleman,2017,Action/romance
36728,Babumoshai Bandookbaaz,2017,Action
36729,Yadvi � The Dignified Princess,2017,Drama
36730,Qaidi Band,2017,Musical/drama
36731,"Baadshaho
",2017,Action/crime Thriller
36732,Shubh Mangal Savdhan,2017,Drama/Comedy
36733,Poster Boys,2017,Comedy
36734,Daddy,2017,Crime/drama
36735,Simran,2017,Drama
36736,Lucknow Central,2017,Drama
36737,Patel Ki Punjabi Shaadi,2017,Comedy/drama
36738,Newton,2017,Dark comedy
36739,Bhoomi,2017,Action/drama
36740,The Final Exit,2017,Horror
36741,JD,2017,Drama/thriller
36742,Haseena Parkar,2017,Biographic
36743,Judwaa 2,2017,Action/comedy
36744,Tu Hai Mera Sunday,2017,Romantic comedy
36745,Chef,2017,Comedy
36746,Babuji Ek Ticket Bambai,2017,Social drama
36747,Main Terrorist Nahi Hoon,2017,Action
36748,Ranchi Diaries,2017,Drama/thriller
36749,Secret Superstar,2017,Musical drama
36750,Golmaal Again,2017,Comedy
36751,Jia aur Jia,2017,Road film
36752,Rukh,2017,Drama
36754,The House Next Door,2017,Horror
36755,Ribbon,2017,Drama
36756,Shaadi Mein Zaroor Aana,2017,Romance/drama
36757,Qarib Qarib Singlle,2017,Romance/comedy
36758,The Window,2017,Suspense thriller
36759,"Aksar 2
",2017,Thriller
36760,Panchlait,2017,Romantic comedy
36761,Tumhari Sulu,2017,Social/Comedy
36762,Dil Jo Na Keh Saka,2017,Romantic drama
36763,Julie 2,2017,Erotic thriller
36764,Ajji,2017,Drama
36765,Kadvi Hawa,2017,Drama/disaster
36766,Saankal,2017,Drama
36767,Tera Intezaar,2017,Romantic thriller
36768,Firangi,2017,Comedy
36769,Fukrey Returns,2017,Comedy
36770,Game Over,2017,Suspense/thriller
36771,Sallu ki Shaadi,2017,Comedy drama
36773,Tiger Zinda Hai,2017,Action/drama
36774,1921,2018,Horror
36775,Kaalakaandi,2018,Dark comedy
36776,Mukkabaaz,2018,Drama
36777,My Birthday Song,2018,"Psychological,Thriller"
36778,Vodka Diaries,2018,"Suspense,Thriller"
36779,Nirdosh,2018,Thriller
36780,Union Leader,2018,Drama
36781,Padmaavat,2018,drama
36782,Pad Man,2018,"Comedy,Drama"
36783,Love Per Square Foot,2018,"Romantic,Comedy"
36784,Aiyaary,2018,Drama
36785,Kuchh Bheege Alfaaz,2018,Romance
36786,Jaane Kyun De Yaaron,2018,Drama
36787,Sonu Ke Titu Ki Sweety,2018,Drama
36788,Welcome To New York,2018,Comedy
36789,Pari,2018,Thriller
36790,Veerey Ki Wedding,2018,Drama
36791,Billu Ustaad,2018,Drama
36792,Hate Story 4,2018,thriller
36793,Dil Juunglee,2018,Romantic/ Comedy
36794,3 Storeys,2018,Thriller
36795,Note Pe Chot at 8/11,2018,Satire/ Comedy
36796,Raid,2018,"Action, thriller"
36797,Raja Abroadiya,2018,Comedy
36798,Hichki,2018,Drama
36799,Pareshaan Parinda,2018,Thriller
36800,Baa Baaa Black Sheep,2018,Comedy
36801,Shaadi Teri Bajayenge Hum Band,2018,Comedy
36802,Baaghi 2,2018,Action/Romance
36803,Missing,2018,"Psychological,Thriller"
36804,Mercury,2018,Thriller
36805,Zoo,2018,Drama
36806,Beyond the Clouds,2018,Drama
36807,Nanu Ki Jaanu,2018,Comedy
36808,Daas Dev,2018,"Romantic,thriller"
36809,Ishq Tera,2018,Thriller
36810,Our Heroes,2018,Action
36811,102 Not Out,2018,Comedy
36812,Omerta,2018,"Crime,Drama"
36813,Raazi,2018,Thriller
36814,The Past,2018,"Horror,Thriller"
36815,Hope Aur Hum,2018,Drama
36816,Falooda,2018,Comedy
36817,Bhootwali Love Story,2018,"Horror,Comedy"
36818,High Jack,2018,Comedy
36819,Khajoor Pe Atke,2018,Comedy
36820,Parmanu: The Story Of Pokhran,2018,Action/drama
36821,One Night Out,2018,"Suspense,thriller"
36822,Bioscopewala,2018,Drama
36823,Veere Di Wedding,2018,"Romantic,comedy"
36824,Bhavesh Joshi Superhero,2018,Action
36825,Phamous,2018,Drama/Action
36826,Race 3,2018,Thriller
36827,Sanju,2018,Biopic
36828,Soorma,2018,Biopic
36829,When Obama Loved Osama,2018,Comedy
36830,Dhadak,2018,Drama
36831,Ekta,2018,Horror/Thriller
36832,"Saheb, Biwi Aur Gangster 3",2018,Drama
36833,Nawabzaade,2018,"Romantic,Comedy"
36834,Fanney Khan,2018,"Musical,comedy"
36835,Mulk,2018,Drama
36836,Brij Mohan Amar Rahe!,2018,"Crime,Comedy"
36837,Laxmi and Tikli Bomb,2018,Drama
36838,Karwaan,2018,Comedy
36839,Gold,2018,Sports/Drama
36840,Satyameva Jayate,2018,Action/Thriller
36841,Happy Phirr Bhag Jayegi,2018,Comedy
36842,Genius,2018,
36843,Yamla Pagla Deewana: Phir Se,2018,Comedy
36844,Stree,2018,"Horror,Comedy"
36845,Paltan,2018,Action/War
36846,Laila Majnu,2018,Drama/Romance
36847,Gali Guleiyan,2018,"Psychological,drama"
36848,Halkaa,2018,Drama
36849,Manmarziyaan,2018,Romantic/Drama
36850,Love Sonia,2018,Drama
36851,Turning Point,2018,Action/Drama/Musical
36852,Bajra vs Burger,2018,Comedy
36853,Kathor,2018,Drama
36854,22 Days,2018,Drama
36855,Mitron,2018,Comedy
36856,Batti Gul Meter Chalu,2018,"Romance, Social,Drama"
36857,Manto,2018,Biographical
36858,Ishqeria,2018,Romance
36859,Sui Dhaaga,2018,"Romance, Social,Drama"
36860,Pataakha,2018,Drama
36861,Loveyatri,2018,Romantic
36862,Andhadhun,2018,thriller
36863,Jalebi,2018,Romance
36864,Helicopter Eela,2018,Drama
36865,Maal road dilli,2018,Drama
36866,FryDay,2018,Comedy
36867,Tumbbad,2018,"Suspense,Thriller"
36868,Namaste England,2018,"romance,comedy"
36869,Badhaai Ho,2018,"romance,comedy"
36870,Baazaar,2018,Crime
36871,5 Weddings,2018,"Comedy, Romance, Drama"
36872,Kaashi in Search of Ganga,2018,Suspense thriller
36873,Dassehra,2018,"Action,Thriller"
36874,The Journey of Karma,2018,thriller
36875,Lupt,2018,Horror
36876,Jack and Dil,2018,Comedy
36877,Mausam Ikrar Ke Do Pal Pyaar Ke,2018,"Romance,Family,Drama"
36878,Thugs of Hindostan,2018,action/adventure
36879,Mohalla Assi,2018,Drama
36880,Pihu,2018,Thriller
36881,Hotel Milan,2018,Comedy
36882,Bhaiaji Superhit,2018,Action/Comedy
36883,Rajma Chawal,2018,Drama
36884,Kedarnath,2018,Drama
36885,PK Lele A Salesman,2018,Adult-comedy
36886,Zero,2018,Comedy/drama
36887,Simmba,2018,Action Comedy
36888,Uri: The Surgical Strike,2019,Action
36889,Battalion 609,2019,Action
36890,The Accidental Prime Minister,2019,Biopic
36891,Why Cheat India,2019,Drama
36892,Fraud Saiyaan,2019,Comedy
36893,Soni,2019,"Crime, Drama"
36894,72 Hours: Martyr Who Never Died,2019,"Biography,Drama"
36895,Bombairiya,2019,comedy
36896,Rangeela Raja,2019,Comedy
36897,The Lift Boy,2019,Drama/ Coming of Age
36898,Thackeray,2019,Biographical
36899,Manikarnika: The Queen of Jhansi,2019,Biographical
36900,Ek Ladki Ko Dekha Toh Aisa Laga,2019,Romance
36901,The Fakir of Venice,2019,Drama
36902,Gully Boy,2019,Biopic
36903,Hum Chaar,2019,Drama
36904,Total Dhamaal,2019,Comedy
36905,Luka Chuppi,2019,"Romance, comedy"
36906,Sonchiriya,2019,"Crime,Drama"
36907,Badla,2019,Drama /Thriller
36908,Hamid,2019,Drama
36909,Photograph,2019,Drama
36910,Milan Talkies,2019,Drama
36911,Mere Pyare Prime Minister,2019,"Social ,Drama"
36912,Kesari,2019,Drama/historical
36913,Mard Ko Dard Nahi Hota,2019,Action Comedy
36914,Notebook,2019,Drama
36915,Junglee,2019,Action
36916,Romeo Akbar Walter,2019,"Action, thriller"
36917,Albert Pinto Ko Gussa Kyun Aata Hai?,2019,Thriller
36918,The Tashkent Files,2019,Thriller
36919,Kalank,2019,Period drama / thriller
36920,Blank,2019,Action Thriller
36921,Setters,2019,Thriller
36922,Student of the Year 2,2019,Romantic comedy
36923,De De Pyaar De,2019,Romantic comedy
36924,India's Most Wanted,2019,Thriller
36925,PM Narendra Modi,2019,Biopic
36926,Bharat,2019,Drama
36927,Khamoshi,2019,Horror
36928,Kabir Singh,2019,Drama
36929,Article 15,2019,Drama/ Thriller
36930,Malaal,2019,Romance
36931,One Day: Justice Delivered,2019,"Action ,Thriller"
36932,Hume Tumse Pyaar Kitna,2019,"Romance, thriller"
36933,Super 30,2019,Biopic
36934,Family of Thakurganj,2019,"Family, Drama"
36935,Jhootha Kahin Ka,2019,Comedy
36936,Judgementall Hai Kya,2019,"Thriller, Comedy"
36937,Arjun Patiala,2019,"Romance, Comedy"
36938,Khandaani Shafakhana,2019,Comedy
36939,Jabariya Jodi,2019,"Romance, Comedy"
36940,Chicken Curry Law,2019,Drama
36941,Pranaam,2019,Action
36942,Batla House,2019,Action
36943,Mission Mangal,2019,Drama
36944,Saaho,2019,Action
36945,Chhichhore,2019,"Comedy,Drama"
36946,Dream Girl,2019,Comedy
36947,Section 375,2019,"crime, thriller"
36948,The Zoya Factor,2019,Drama
36949,Pal Pal Dil Ke Paas,2019,Drama/Romance
36950,Prassthanam,2019,Drama
36951,Jhalki,2019,Drama
36952,War,2019,"Action, Thriller"
36953,The Sky Is Pink,2019,Biopic
36954,Lootcase,2019,"Comedy, Drama"
36955,P Se Pyaar F Se Faraar,2019,Drama
36956,Laal Kaptaan,2019,Action
36957,Yaaram,2019,"Romance,drama"
36958,Housefull 4,2019,Comedy
36959,Saand Ki Aankh,2019,Biopic
36960,Made In China,2019,Comedy
36961,Bypass Road,2019,Horror Thriller
36962,Marjaavaan,2019,Action/Romance
36963,Shikara - A Love Letter from Kashmir,2019,Historical/Romance
36964,Bala,2019,Black Comedy
36965,Pagalpanti,2019,Comedy
36966,Dil Bechara,2019,"Romance,drama"
36967,Jawaani Jaaneman,2019,"Romance,drama"
36968,Panipat,2019,Action/battle
36969,"Pati, Patni Aur Woh",2019,Comedy
36970,Mardaani 2,2019,"Crime,Thriller"
36971,Dabangg 3,2019,Action
36972,Good News,2019,Comedy
36973,Ghost Stories,2020,
36974,Bhangra Paa Le,2020,
36975,Sab Kushal Mangal,2020,
36976,Shimla Mirchi,2020,
36977,Half Widow,2020,
36978,Chhapaak,2020,
36979,Tanhaji,2020,
36980,Bunker,2020,
36981,Jai Mummy Di,2020,
36982,Panga,2020,
36983,Street Dancer 3D,2020,
36984,Gul Makai,2020,
36985,Happy Hardy and Heer,2020,
36986,Pagleaazam,2020,
36987,Operation Parindey,2020,
36988,Hacked,2020,
36989,Kaanchli Life in a Slough,2020,
36990,Malang,2020,
36991,Yahan Sabhi Gyani Hain,2020,
36992,Shikara,2020,
36993,Khawab Sare Jhoothey,2020,
36994,Love Aaj Kal,2020,
36995,Shukranu,2020,
36996,Bhoot Part One: The Haunted Ship,2020,
36997,The Hundred Bucks,2020,
36998,Shubh Mangal Zyada Saavdhan,2020,
36999,Yeh Ballet,2020,
37000,Doordarshan,2020,
37001,Guns of Banaras,2020,
37002,Haunted Hills,2020,
37003,O Pushpa I Hate Tears,2020,
37004,Thappad,2020,
37005,Dheet Patangey,2020,
37006,Baaghi 3,2020,
37007,Guilty,2020,
37008,Kaamyaab,2020,
37009,Angrezi Medium,2020,
37010,Maska,2020,
37011,Bamfaad,2020,
37012,Ateet,2020,
37013,Mrs. Serial Killer,2020,
37014,Court Martial,2020,
37015,Ghoomketu,2020,
37016,Chippa,2020,
37017,Chintu Ka Birthday,2020,
37018,Choked,2020,
37019,Axone,2020,
37020,Gulabo Sitabo,2020,
37021,Kadakh,2020,
37022,Chaman Bahaar,2020,
37023,Bulbbul,2020,
37024,Bhonsle,2020,
37025,Unlock,2020,
37026,Virgin Bhanupriya,2020,
37027,Dil Bechara,2020,
37028,Yaara,2020,
37029,Shakuntala Devi,2020,
37030,Lootcase,2020,
37031,Raat Akeli Hai,2020,
37032,Pareeksha,2020,
37033,Gunjan Saxena: The Kargil Girl,2020,
37034,Khuda Haafiz,2020,
37035,Captain Vidyut,2020,
37036,Class of '83,2020,
37037,Mee Raqsam,2020,
37038,Sadak 2,2020,
37039,Ram Singh Charlie,2020,
37040,Atkan Chatkan,2020,
37041,Cargo,2020,
37042,Dolly Kitty Aur Woh Chamakte Sitare,2020,
37043,London Confidential,2020,
37044,Halahal,2020,
37045,Khaali Peeli,2020,
37046,Serious Men,2020,
37047,Bahut Hua Samman,2020,
37048,Ginny Weds Sunny,2020,
37049,The Pickup Artist,2020,
37050,Comedy Couple,2020,
37051,Kasaai,2020,
37052,Taish,2020,
37053,Kaali Khuhi,2020,
37054,Pepper Chicken,2020,
37055,Laxmii,2020,
37056,Ludo,2020,
37057,Chhalaang,2020,
37058,Namumkin Tere Bin Jeena,2020,
37059,Sir,2020,
37060,Suraj Pe Mangal Bhari,2020,
37061,Anwar Ka Ajab Kissa,2020,
37062,Darbaan,2020,
37063,Durgamati,2020,
37064,Indoo Ki Jawani,2020,
37065,Nirvana Inn,2020,
37066,Torbaaz,2020,
37067,Eeb Allay Ooo!,2020,
37068,Sayonee,2020,
37069,Omprakash Zindabad,2020,
37070,Unpaused,2020,
37071,AK vs AK,2020,
37072,Coolie No. 1,2020,
37073,Shakeela,2020,
37074,Sooryavanshi,2021,
37075,83,2021,
